Harry Potter and the Chamber of Secrets (Extended Version),Average Rating: 7.1/10,2001,Kids & Family,"[""Daniel Radcliffe"", ""Rupert Grint"", ""Emma Watson"", ""John Cleese"", ""Robbie Coltrane"", ""Warwick Davis"", ""Richard Griffiths"", ""Richard Harris"", ""Ian Hart"", ""John Hurt"", ""Alan Rickman"", ""Fiona Shaw"", """", """"]","[""David Heyman""]","[""Chris Columbus""]"
Wonder Woman (2017),Average Rating: 7.2/10,2002,Kids & Family,"[""Daniel Radcliffe"", ""Rupert Grint"", ""Emma Watson"", ""Kenneth Branagh"", ""John Cleese"", ""Robbie Coltrane"", ""Warwick Davis"", ""Richard Griffiths"", ""Richard Harris"", ""Jason Isaacs"", ""Alan Rickman"", ""Fiona Shaw"", """", """"]","[""David Heyman""]","[""Chris Columbus""]"
Baby Driver,Average Rating: 7.6/10,2017,Action & Adventure,"[""Gal Gadot"", ""Chris Pine"", ""Robin Wright"", ""Connie Nielsen"", ""Lucy Davis"", ""David Thewlis""]","[""Charles Roven"", ""Zack Snyder"", ""Deborah Snyder"", ""Richard Suckle""]","[""Patty Jenkins""]"
Guardians of the Galaxy Vol. 2,Average Rating: 8.0/10,2017,Action & Adventure,"[""Ansel Elgort"", ""Kevin Spacey"", ""Lily James"", ""Jon Bernthal"", ""Jon Hamm"", ""Jamie Foxx"", ""Eiza González"", ""Flea"", ""Sky Ferreira"", ""Lanny Joon""]","[""Nira Park"", ""Tim Bevan"", ""Eric Fellner""]","[""Edgar Wright""]"
The Hunger Games,Average Rating: 7.1/10,2017,Action & Adventure,"[""Chris Pratt"", ""Zoe Saldana"", ""Dave Bautista"", ""Vin Diesel"", ""Bradley Cooper"", ""Michael Rooker"", ""Karen Gillan"", ""Pom Klementieff"", ""Sylvester Stallone"", ""Kurt Russell"", ""Elizabeth Debicki"", ""Chris Sullivan"", """", """", """", """", """", """", """", """", """", """", """", """", """", """", """", """", """", """", """", """", """", """", """", """", """", """", """", """", """", """", """", """", """", """", """", """"]","[""Kevin Feige""]","[""James Gunn""]"
Transformers: The Last Knight (Digital),Average Rating: 7.2/10,2012,Action & Adventure,"[""Jennifer Lawrence"", ""Josh Hutcherson"", ""Liam Hemsworth"", ""Woody Harrelson"", ""Elizabeth Banks"", ""Lenny Kravitz"", ""Stanley Tucci"", ""Donald Sutherland""]","[""Nina Jacobson"", ""Jon Kilik""]","[""Gary Ross""]"
Deadpool,Average Rating: 3.3/10,2017,Action & Adventure,"[""Mark Wahlberg"", ""Josh Duhamel"", ""Stanley Tucci"", ""Anthony Hopkins"", ""Laura Haddock"", ""Jerrod Carmichael"", ""Isabela Moner""]","[""Don Murphy"", ""Tom DeSanto"", ""Lorenzo di Bonaventura"", ""Ian Bryce""]","[""Michael Bay""]"
Skyfall,Average Rating: 6.9/10,2016,Action & Adventure,"[""Ryan Reynolds"", ""Morena Baccarin"", ""Ed Skrein"", ""T.J. Miller"", ""Gina Carano"", ""Brianna Hildebrand""]",[],"[""Tim Miller""]"
John Wick,Average Rating: 8.2/10,2012,Action & Adventure,"[""Daniel Craig"", ""Judi Dench"", ""Javier Bardem"", ""Ralph Fiennes"", ""Naomie Harris"", ""Bérénice Lim Marlohe""]",[],"[""Sam Mendes""]"
Guardians of the Galaxy,Average Rating: 6.9/10,2014,Action & Adventure,"[""Keanu Reeves"", ""Willem Dafoe"", ""Adrianne Palicki"", ""Michael Nyqvist"", ""Bridget Moynahan"", ""Alfie Allen"", ""Lance Reddick"", ""Dean Winters"", ""John Leguizamo""]","[""David Leitch"", ""Basil Iwanyk""]","[""Chad Stahelski""]"
Baywatch,Average Rating: 7.7/10,2014,Action & Adventure,"[""Chris Pratt"", ""Zoe Saldana"", ""Dave Bautista"", ""Vin Diesel"", ""Bradley Cooper"", ""Lee Pace"", ""Michael Rooker"", ""Karen Gillan"", ""Djimon Hounsou"", ""John C. Reilly"", ""Glenn Close"", ""Benicio Del Toro"", """", """", """", """"]","[""Kevin Feige""]","[""James Gunn""]"
The Mummy (2017),Average Rating: 4.0/10,2017,Comedy,"[""Dwayne Johnson"", ""Zac Efron"", ""Alexandra Daddario"", ""David Hasselhoff""]","[""Michael Berk"", ""Douglas Schwartz"", ""Gregory J. Bonann"", ""Beau Flynn"", ""Ivan Reitman"", ""Michele Berk"", ""Louise Rosner-Meyer"", ""Tom Pollock"", ""Ali Bell"", ""Dwayne Johnson"", ""Dany Garcia"", """", """", """"]","[""Seth Gordon""]"
The Lord of the Rings: The Two Towers,Average Rating: 4.2/10,2017,Action & Adventure,"[""Tom Cruise"", ""Annabelle Wallis"", ""Sofia Boutella"", ""Jake Johnson"", ""Courtney B. Vance"", ""Marwan Kenzari"", ""Russell Crowe""]","[""Alex Kurtzman"", ""Chris Morgan"", ""Sean Daniel"", ""Sarah Bradshaw""]","[""Alex Kurtzman""]"
The Martian,Average Rating: 8.5/10,2002,Action & Adventure,"[""Elijah Wood"", ""Ian McKellen"", ""Liv Tyler"", ""Viggo Mortensen"", ""Sean Astin"", ""Cate Blanchett"", ""Orlando Bloom""]","[""Barrie M. Osborne"", ""Fran Walsh"", ""Peter Jackson""]","[""Peter Jackson""]"
Despicable Me 2,Average Rating: 7.8/10,2015,Sci-Fi & Fantasy,"[""Matt Damon"", ""Jessica Chastain"", ""Kristen Wiig"", ""Jeff Daniels"", ""Michael Peña"", ""Kate Mara"", ""Sean Bean"", ""Sebastian Stan"", ""Aksel Hennie"", ""Chiwetel Ejiofor""]",[],"[""Ridley Scott""]"
Despicable Me,Average Rating: 6.6/10,2013,Kids & Family,"[""Steve Carell"", ""Kristen Wiig"", ""Benjamin Bratt"", ""Miranda Cosgrove"", ""Russell Brand"", ""Steve Coogan"", ""Ken Jeong"", ""Elsie Fisher"", ""Dana Gaier"", ""Moisés Arias""]","[""Chris Meledandri"", ""Janet Healy""]","[""Chris Renaud"", ""Pierre Coffin""]"
The Lord of the Rings: The Return of the King,Average Rating: 6.8/10,2010,Kids & Family,"[""Steve Carell"", ""Jason Segel"", ""Russell Brand"", ""Kristen Wiig"", ""Miranda Cosgrove"", ""Will Arnett"", ""Danny McBride"", ""Jack McBrayer"", ""Julie Andrews""]","[""Chris Meledandri"", ""Janet Healy"", ""John Cohen""]","[""Chris Renaud"", ""Pierre Coffin""]"
The Avengers,Average Rating: 8.7/10,2003,Action & Adventure,"[""Orlando Bloom"", ""Cate Blanchett"", ""Sean Astin"", ""Elijah Wood"", ""Ian McKellen"", ""Liv Tyler"", ""Viggo Mortensen"", ""John Rhys-Davies"", ""Bernard Hill"", ""Billy Boyd"", ""Dominic Monaghan"", ""Brad Dourif"", """", """", """", """", """", """", """", """", """", """"]",[],"[""Peter Jackson""]"
The LEGO Movie,Average Rating: 8.0/10,2012,Action & Adventure,"[""Robert Downey Jr."", ""Chris Evans"", ""Mark Ruffalo"", ""Chris Hemsworth"", ""Scarlett Johansson"", ""Jeremy Renner"", ""Tom Hiddleston"", ""Clark Gregg"", ""Cobie Smulders"", ""Stellan Skarsgård"", ""Samuel L. Jackson""]","[""Kevin Feige""]","[""Joss Whedon""]"
The Lord of the Rings: The Fellowship of the Ring,Average Rating: 8.2/10,2014,Kids & Family,"[""Chris Pratt"", ""Will Ferrell"", ""Elizabeth Banks"", ""Will Arnett"", ""Nick Offerman"", ""Alison Brie"", ""Charlie Day"", ""Liam Neeson"", ""Morgan Freeman""]","[""Dan Lin"", ""Roy Lee""]","[""Phil Lord"", ""Christopher Miller""]"
Spectre,Average Rating: 8.2/10,2002,Action & Adventure,"[""Elijah Wood"", ""Ian McKellen"", ""Ian Holm"", ""Viggo Mortensen"", ""Sean Bean"", ""Sean Astin"", ""John Rhys-Davies"", ""Billy Boyd"", ""Cate Blanchett"", ""Orlando Bloom"", ""Liv Tyler"", ""Hugo Weaving"", """"]","[""Peter Jackson"", ""Barrie M. Osborne"", ""Tim Sanders"", ""Fran Walsh""]","[""Peter Jackson""]"
21 Jump Street,Average Rating: 6.4/10,2015,Action & Adventure,"[""Dave Bautista"", ""Monica Bellucci"", ""Daniel Craig"", ""Ralph Fiennes"", ""Naomie Harris"", ""Rory Kinnear"", ""Andrew Scott"", ""Léa Seydoux"", ""Christoph Waltz"", ""Ben Whishaw""]","[""Barbara Broccoli"", ""Michael G. Wilson""]","[""Sam Mendes""]"
"Harry Potter and the Deathly Hallows, Part 1",Average Rating: 7.2/10,2012,Comedy,"[""Jonah Hill"", ""Channing Tatum"", ""Brie Larson"", ""Dave Franco"", ""Rob Riggle"", ""DeRay Davis"", ""Ice Cube""]","[""Neal H. Moritz"", ""Stephen J. Cannell""]","[""Phil Lord"", ""Christopher Miller""]"
Star Wars: The Force Awakens,Average Rating: 7.2/10,2010,Kids & Family,"[""Daniel Radcliffe"", ""Rupert Grint"", ""Emma Watson"", ""Helena Bonham Carter"", ""Robbie Coltrane"", ""Warwick Davis"", ""Ralph Fiennes"", ""Michael Gambon"", ""Brendan Gleeson"", ""Alan Rickman""]","[""David Heyman"", ""David Barron"", ""J.K. Rowling""]","[""David Yates""]"
Interstellar,Average Rating: 8.2/10,2015,Action & Adventure,"[""Harrison Ford"", ""Mark Hamill"", ""Carrie Fisher"", ""Adam Driver"", ""Daisy Ridley"", ""John Boyega"", ""Oscar Isaac"", ""Lupita Nyong'o"", ""Andy Serkis"", ""Domhnall Gleeson"", ""Anthony Daniels"", ""Max von Sydow"", """", """", """", """", """", """", """", """", """", """", """", """", """", """", """", """", """", """", """", """", """", """", """", """", """", """", """", """", """", """", """", """", """", """", """", """", """", """", """", """", """", """", """", """", """", """", """", """", """", """", """", """", """", """", """", """"]","[""J.J. Abrams"", ""Kathleen Kennedy"", ""Bryan Burk""]","[""J.J. Abrams""]"
Kingsman: The Secret Service,Average Rating: 7.0/10,2014,Sci-Fi & Fantasy,"[""Matthew McConaughey"", ""Anne Hathaway"", ""Jessica Chastain"", ""Bill Irwin"", ""Ellen Burstyn"", ""Michael Caine""]","[""Christopher Nolan"", ""Emma Thomas"", ""Lynda Obst"", ""Jordan Goldberg"", ""Jake Myers"", ""Kip Thorne"", ""Thomas Tull""]","[""Christopher Nolan""]"
Mission: Impossible - Ghost Protocol,Average Rating: 6.8/10,2015,Action & Adventure,"[""Colin Firth"", ""Samuel L. Jackson"", ""Mark Strong"", ""Taron Egerton"", ""Michael Caine""]",[],"[""Matthew Vaughn""]"
Batman Begins,Average Rating: 7.7/10,2011,Action & Adventure,"[""Josh Holloway"", ""Paula Patton"", ""Tom Cruise"", ""Léa Seydoux"", ""Simon Pegg"", ""Jeremy Renner"", ""Anil Kapoor"", ""Michael Nyqvist"", ""Vladimir Mashkov""]","[""Bryan Burk"", ""J.J. Abrams""]","[""Brad Bird""]"
Harry Potter and the Deathly Hallows - Part 2,Average Rating: 7.7/10,2005,Action & Adventure,"[""Christian Bale"", ""Liam Neeson"", ""Katie Holmes"", ""Gary Oldman"", ""Michael Caine"", ""Cillian Murphy"", ""Tom Wilkinson"", ""Morgan Freeman"", ""Rutger Hauer"", ""Ken Watanabe""]","[""Emma Thomas"", ""Charles Roven"", ""Larry Franco""]","[""Christopher Nolan""]"
The Bourne Legacy,Average Rating: 8.3/10,2011,Kids & Family,"[""Emma Watson"", ""Ralph Fiennes"", ""Daniel Radcliffe"", ""Gary Oldman"", ""Helena Bonham Carter"", ""Rupert Grint"", ""Alan Rickman"", ""Tom Felton"", ""Bonnie Wright"", ""Jason Isaacs"", ""Michael Gambon"", """", """", """", """", """", """", """", """", """", """", """", """", """", """", """", """", """", """", """", """", """", """", """", """", """", """", """", """", """", """"]","[""David Barron"", ""David Heyman""]","[""David Yates""]"
The Dark Knight Rises,Average Rating: 5.9/10,2012,Action & Adventure,"[""Jeremy Renner"", ""Rachel Weisz"", ""Edward Norton"", ""Stacy Keach"", ""Dennis Boutsikaris"", ""Oscar Isaac"", ""Joan Allen"", ""Albert Finney"", ""David Strathairn"", ""Scott Glenn""]","[""Ben Smith"", ""Jeffrey M. Weiner"", ""Patrick Crowley"", ""Frank Marshall""]","[""Tony Gilroy""]"
Jurassic World,Average Rating: 8.0/10,2012,Action & Adventure,"[""Christian Bale"", ""Anne Hathaway"", ""Tom Hardy"", ""Marion Cotillard"", ""Joseph Gordon-Levitt"", ""Michael Caine"", ""Gary Oldman"", ""Morgan Freeman""]","[""Emma Thomas"", ""Christopher Nolan"", ""Charles Roven""]","[""Christopher Nolan""]"
The Secret Life of Pets,Average Rating: 6.7/10,2015,Action & Adventure,"[""Chris Pratt"", ""Bryce Dallas Howard"", ""Vincent D'Onofrio"", ""Ty Simpkins"", ""Nick Robinson"", ""Omar Sy"", ""B.D. Wong"", ""Irrfan Khan""]","[""Frank Marshall"", ""Patrick Crowley""]","[""Colin Trevorrow""]"
The Hunger Games: Mockingjay - Part 1,Average Rating: 6.2/10,2016,Kids & Family,"[""Louis C.K."", ""Eric Stonestreet"", ""Kevin Hart"", ""Jenny Slate"", ""Ellie Kemper"", ""Lake Bell"", ""Dana Carvey"", ""Hannibal Buress"", ""Bobby Moynihan"", ""Steve Coogan"", ""Albert Brooks""]","[""Chris Meledandri"", ""Janet Healy""]","[""Chris Renaud""]"
Rogue One: A Star Wars Story,Average Rating: 6.3/10,2014,Action & Adventure,"[""Jennifer Lawrence"", ""Josh Hutcherson"", ""Liam Hemsworth"", ""Woody Harrelson"", ""Elizabeth Banks"", ""Julianne Moore"", ""Philip Seymour Hoffman"", ""Jeffrey Wright"", ""Stanley Tucci"", ""Donald Sutherland""]","[""Nina Jacobson"", ""Jon Kilik""]","[""Francis Lawrence""]"
The Interview,Average Rating: 7.5/10,2016,Action & Adventure,"[""Felicity Jones"", ""Diego Luna"", ""Ben Mendelsohn"", ""甄子丹"", ""Mads Mikkelsen"", ""Alan Tudyk"", ""Riz Ahmed"", ""Jimmy Smits"", ""James Earl Jones"", ""Jiang Wen"", ""Forest Whitaker""]","[""Kathleen Kennedy"", ""Allison Shearmur"", ""Simon Emanuel""]","[""Gareth Edwards""]"
Star Trek Into Darkness,Average Rating: 5.6/10,2014,Comedy,"[""James Franco"", ""Seth Rogen"", ""Lizzy Caplan"", ""Randall Park"", ""Diana Bang"", ""Timothy Simons""]","[""Seth Rogen"", ""Evan Goldberg"", ""James Weaver""]","[""Seth Rogen"", ""Evan Goldberg""]"
Zootopia,Average Rating: 7.5/10,2013,Sci-Fi & Fantasy,"[""John Cho"", ""Benedict Cumberbatch"", ""Alice Eve"", ""Bruce Greenwood"", ""Simon Pegg"", ""Chris Pine"", ""Zachary Quinto"", ""Zoe Saldana"", ""Karl Urban"", ""Peter Weller"", ""Anton Yelchin""]","[""J.J. Abrams"", ""Bryan Burk"", ""Damon Lindelof"", ""Alex Kurtzman"", ""Roberto Orci""]","[""J.J. Abrams""]"
Jason Bourne,Average Rating: 8.0/10,2016,Kids & Family,"[""Ginnifer Goodwin"", ""Jason Bateman"", ""Idris Elba"", ""Jenny Slate"", ""Nate Torrence"", ""Bonnie Hunt"", ""Don Lake"", ""Tommy Chong"", ""J.K. Simmons"", ""Octavia Spencer"", ""Alan Tudyk"", ""Shakira"", """", """", """", """", """", """", """", """", """", """", """", """", """", """", """", """", """", """", """", """", """"]","[""Clark Spencer""]","[""Rich Moore"", ""Byron Howard""]"
We're the Millers (2013),Average Rating: 5.9/10,2016,Action & Adventure,"[""Matt Damon"", ""Tommy Lee Jones"", ""Alicia Vikander"", ""Vincent Cassel"", ""Julia Stiles"", ""Riz Ahmed""]","[""Matt Damon"", ""Paul Greengrass"", ""Frank Marshall"", ""Jeffrey M. Weiner"", ""Ben Smith"", ""Gregory Goodman""]","[""Paul Greengrass""]"
Now You See Me,Average Rating: 5.4/10,2013,Comedy,"[""Jennifer Aniston"", ""Jason Sudeikis"", ""Emma Roberts"", ""Nick Offerman"", ""Kathryn Hahn"", ""Ed Helms"", ""Will Poulter"", ""Molly Quinn""]","[""Vincent Newman"", ""Tucker Tooley"", ""Happy Walters"", ""Chris Bender""]","[""Rawson Marshall Thurber""]"
Inception,Average Rating: 5.7/10,2013,Action & Adventure,"[""Jesse Eisenberg"", ""Mark Ruffalo"", ""Woody Harrelson"", ""Melanie Laurent"", ""Isla Fisher"", ""Dave Franco"", ""Common"", ""Michael Caine"", ""Morgan Freeman""]","[""Alex Kurtzman"", ""Roberto Orci"", ""Bobby Cohen""]","[""Louis Leterrier""]"
The Lord of the Rings: The Fellowship of the Ring (Special Extended Edition),Average Rating: 8.1/10,2010,Action & Adventure,"[""Leonardo DiCaprio"", ""Ken Watanabe"", ""Joseph Gordon-Levitt"", ""Marion Cotillard"", ""Ellen Page"", ""Tom Hardy"", ""Cillian Murphy"", ""Tom Berenger"", ""Michael Caine""]","[""Emma Thomas"", ""Christopher Nolan""]","[""Christopher Nolan""]"
Sicario,Average Rating: 8.2/10,2001,Action & Adventure,"[""Elijah Wood"", ""Ian McKellen"", ""Liv Tyler"", ""Viggo Mortensen"", ""Sean Astin"", ""Cate Blanchett"", ""John Rhys-Davies"", ""Billy Boyd"", ""Dominic Monaghan"", ""Orlando Bloom"", ""Christopher Lee"", ""Hugo Weaving"", """", """", """"]","[""Barrie M. Osborne"", ""Peter Jackson"", ""Fran Walsh"", ""Tim Sanders""]","[""Peter Jackson""]"
The Lord of the Rings: The Return of the King (Special Extended Edition),Average Rating: 8.0/10,2015,Thriller,"[""Emily Blunt"", ""Benicio Del Toro"", ""Josh Brolin"", ""Victor Garber"", ""Jon Bernthal""]","[""Basil Iwanyk""]","[""Denis Villeneuve""]"
Sherlock Holmes (2009),Average Rating: 8.7/10,2003,Action & Adventure,"[""Elijah Wood"", ""Liv Tyler"", ""Viggo Mortensen"", ""Sean Astin"", ""Cate Blanchett"", ""John Rhys-Davies"", ""Bernard Hill"", ""Christopher Lee"", ""Billy Boyd"", ""Dominic Monaghan"", ""Orlando Bloom"", ""Hugo Weaving"", """", """", """", """", """"]","[""Barrie M. Osborne"", ""Fran Walsh"", ""Peter Jackson""]","[""Peter Jackson""]"
The Lord of the Rings: The Two Towers (Extended Edition),Average Rating: 6.2/10,2009,Action & Adventure,"[""Robert Downey Jr."", ""Jude Law"", ""Rachel McAdams"", ""Mark Strong"", ""Eddie Marsan"", ""Kelly Reilly""]","[""Susan Downey"", ""Dan Lin"", ""Joel Silver"", ""Lionel Wigram""]","[""Guy Ritchie""]"
The Dark Knight,Average Rating: 8.5/10,2002,Action & Adventure,"[""Elijah Wood"", ""Ian McKellen"", ""Liv Tyler"", ""Viggo Mortensen"", ""Sean Astin"", ""Cate Blanchett"", ""John Rhys-Davies"", ""Bernard Hill"", ""Christopher Lee"", ""Billy Boyd"", ""Dominic Monaghan"", ""Orlando Bloom"", """", """", """", """", """", """"]","[""Barrie M. Osborne"", ""Fran Walsh"", ""Peter Jackson""]","[""Peter Jackson""]"
Sherlock Holmes: A Game of Shadows,Average Rating: 8.6/10,2008,Action & Adventure,"[""Christian Bale"", ""Michael Caine"", ""Heath Ledger"", ""Aaron Eckhart"", ""Maggie Gyllenhaal"", ""Morgan Freeman"", ""Gary Oldman""]","[""Christopher Nolan"", ""Charles Roven"", ""Emma Thomas""]","[""Christopher Nolan""]"
American Sniper,Average Rating: 6.0/10,2011,Action & Adventure,"[""Robert Downey Jr."", ""Jude Law"", ""Noomi Rapace"", ""Jared Harris"", ""Eddie Marsan"", ""Rachel McAdams""]","[""Joel Silver"", ""Lionel Wigram"", ""Susan Downey"", ""Dan Lin""]","[""Guy Ritchie""]"
The Hunger Games: Mockingjay - Part 2,Average Rating: 6.9/10,2014,Drama,"[""Bradley Cooper"", ""Sienna Miller"", ""Jake McDorman"", ""Luke Grimes"", ""Navid Negahban"", ""Keir O'Donnell""]","[""Bradley Cooper"", ""Clint Eastwood"", ""Robert Lorenz"", ""Andrew Lazar"", ""Peter Morgan""]","[""Clint Eastwood""]"
Man of Steel (2013),Average Rating: 6.5/10,2015,Action & Adventure,"[""Jennifer Lawrence"", ""Josh Hutcherson"", ""Liam Hemsworth"", ""Woody Harrelson"", ""Philip Seymour Hoffman"", ""Elizabeth Banks"", ""Julianne Moore""]","[""Nina Jacobson"", ""Jon Kilik""]","[""Francis Lawrence""]"
Captain Phillips,Average Rating: 6.2/10,2013,Action & Adventure,"[""Henry Cavill"", ""Amy Adams"", ""Michael Shannon"", ""Kevin Costner"", ""Diane Lane"", ""Laurence Fishburne"", ""Antje Traue"", ""Ayelet Zurer"", ""Christopher Meloni"", ""Russell Crowe""]","[""Charles Roven"", ""Christopher Nolan"", ""Emma Thomas"", ""Deborah Snyder""]","[""Zack Snyder""]"
Jack Reacher,Average Rating: 8.3/10,2013,Action & Adventure,"[""Tom Hanks"", ""Barkhad Abdi"", ""Barkhad Abdirahman"", ""Faysal Ahmed"", ""Mahat M. Ali"", ""Michael Chernus"", ""Corey Johnson"", ""Max Martini"", ""Chris Mulkey"", ""Yul Vazquez"", ""David Warshofsky"", """", """", """", """"]","[""Scott Rudin"", ""Dana Brunetti"", ""Michael De Luca""]","[""Paul Greengrass""]"
The Hunger Games: Catching Fire,Average Rating: 6.2/10,2012,Action & Adventure,"[""Tom Cruise"", ""Rosamund Pike"", ""Richard Jenkins"", ""Werner Herzog"", ""David Oyelowo"", ""Jai Courtney"", ""Joseph Sikora"", ""Robert Duvall""]","[""Tom Cruise"", ""Don Granger"", ""Paula Wagner"", ""Gary Levinsohn"", ""Jack Myers"", ""Ken Kamins"", ""Kevin Messick"", ""David Ellison""]","[""Christopher McQuarrie""]"
The Revenant,Average Rating: 7.5/10,2013,Action & Adventure,"[""Jennifer Lawrence"", ""Josh Hutcherson"", ""Liam Hemsworth"", ""Woody Harrelson"", ""Elizabeth Banks"", ""Lenny Kravitz"", ""Philip Seymour Hoffman"", ""Jeffrey Wright"", ""Stanley Tucci"", ""Donald Sutherland"", ""Jena Malone"", """", """", """"]","[""Nina Jacobson"", ""Jon Kilik""]","[""Francis Lawrence""]"
Divergent,Average Rating: 7.9/10,2015,Drama,"[""Leonardo DiCaprio"", ""Tom Hardy"", ""Domhnall Gleeson"", ""Will Poulter""]",[],"[""Alejandro González Iñárritu""]"
Live Die Repeat: Edge of Tomorrow,Average Rating: 5.4/10,2014,Action & Adventure,"[""Shailene Woodley"", ""Theo James"", ""Miles Teller"", ""Maggie Q"", ""Ashley Judd"", ""Mekhi Phifer""]","[""Evan Daugherty"", ""Douglas Wick""]","[""Neil Burger""]"
Lucy,Average Rating: 7.5/10,2014,Action & Adventure,"[""Tom Cruise"", ""Emily Blunt"", ""Bill Paxton"", ""Brendan Gleeson"", ""Kick Gurry"", ""Dragomir Mrsic"", ""Charlotte Riley"", ""Jonas Armstrong"", ""Franz Drameh""]","[""Erwin Stoff"", ""Tom Lassally"", ""Jeffrey Silver"", ""Gregory Jacobs"", ""Jason Hoffs""]","[""Doug Liman""]"
Harry Potter and the Half-Blood Prince,Average Rating: 6.1/10,2014,Action & Adventure,"[""Scarlett Johansson"", ""Morgan Freeman"", ""Choi Min-sik"", ""Amr Waked""]","[""Virginie Besson-Silla""]","[""Luc Besson""]"
John Wick: Chapter 2,Average Rating: 7.1/10,2009,Kids & Family,"[""Daniel Radcliffe"", ""Rupert Grint"", ""Emma Watson"", ""Jim Broadbent"", ""Helena Bonham Carter"", ""Robbie Coltrane"", ""Warwick Davis"", ""Michael Gambon"", ""Alan Rickman"", ""Maggie Smith"", ""Timothy Spall"", """", """", """", """", """", """", """", """"]","[""David Heyman"", ""David Barron""]","[""David Yates""]"
The Maze Runner,Average Rating: 7.3/10,2017,Action & Adventure,"[""Keanu Reeves""]","[""Basil Iwanyk""]","[""Chad Stahelski""]"
Spy,Average Rating: 5.9/10,2014,Action & Adventure,"[""Dylan O'Brien"", ""Kaya Scodelario"", ""Thomas Brodie-Sangster"", ""Will Poulter"", ""Patricia Clarkson""]",[],"[""Wes Ball""]"
Creed,Average Rating: 7.2/10,2015,Comedy,"[""Melissa McCarthy"", ""Jason Statham"", ""Rose Byrne"", ""Miranda Hart"", ""Bobby Cannavale"", ""Allison Janney"", ""Jude Law""]",[],"[""Paul Feig""]"
Fast Five (Extended Edition),Average Rating: 7.9/10,2015,Drama,"[""Sylvester Stallone"", ""Michael B. Jordan"", ""Tessa Thompson"", ""Phylicia Rashad"", ""Anthony Bellew""]","[""Nicholas Stern"", ""Irwin Winkler"", ""Robert Chartoff"", ""Charles Winkler"", ""William Chartoff"", ""David Winkler"", ""Kevin King-Templeton"", ""Sylvester Stallone""]","[""Ryan Coogler""]"
The Matrix Reloaded,Average Rating: 6.4/10,2011,Action & Adventure,"[""Vin Diesel"", ""Paul Walker"", ""Dwayne Johnson"", ""Jordana Brewster"", ""Tyrese Gibson"", ""Chris \""Ludacris\"" Bridges"", ""Matt Schulze"", ""Sung Kang"", ""Gal Gadot"", ""Tego Calderón"", ""Don Omar"", """", """"]","[""Neal H. Moritz"", ""Vin Diesel"", ""Michael Fottrell""]","[""Justin Lin""]"
Harry Potter and the Order of the Phoenix,Average Rating: 6.8/10,2013,Action & Adventure,"[""Keanu Reeves"", ""Laurence Fishburne"", ""Carrie-Anne Moss"", ""Hugo Weaving"", ""Jada Pinkett Smith"", ""Nona Gaye"", ""Daniel Bernhardt"", ""Matt McColm"", ""Harold Perrineau"", ""Harry Lennix"", ""Monica Bellucci""]","[""Joel Silver""]","[""Andy Wachowski"", ""Larry Wachowski""]"
Harry Potter and the Goblet of Fire,Average Rating: 6.9/10,2007,Kids & Family,"[""Daniel Radcliffe"", ""Emma Watson"", ""Rupert Grint"", ""Gary Oldman"", ""Jason Isaacs"", ""Helena Bonham Carter"", ""Michael Gambon"", ""Imelda Staunton"", ""Ralph Fiennes""]","[""David Barron"", ""David Heyman""]","[""David Yates""]"
Hacksaw Ridge,Average Rating: 7.5/10,2005,Kids & Family,"[""Daniel Radcliffe"", ""Rupert Grint"", ""Emma Watson"", ""Robbie Coltrane"", ""Ralph Fiennes"", ""Michael Gambon"", ""Brendan Gleeson"", ""Jason Isaacs"", ""Gary Oldman"", ""Alan Rickman"", ""Maggie Smith"", ""Timothy Spall"", """"]","[""David Heyman""]","[""Mike Newell""]"
Kong: Skull Island,Average Rating: 7.2/10,2016,Action & Adventure,"[""Andrew Garfield"", ""Sam Worthington"", ""Luke Bracey"", ""Teresa Palmer"", ""Hugo Weaving"", ""Rachel Griffiths"", ""Vince Vaughn""]","[""Bill Mechanic, p.g.a."", ""David Permut p.g.a."", ""Terry Benedict"", ""Paul Currie"", ""Bruce Davey"", ""Brian Oliver""]","[""Mel Gibson""]"
Captain America: Civil War,Average Rating: 6.5/10,2017,Action & Adventure,"[""Tom Hiddleston"", ""Samuel L. Jackson"", ""John Goodman"", ""Brie Larson"", ""Jing Tian"", ""Toby Kebbell"", ""Jason Mitchell""]","[""Tom Peitzman"", ""Thomas Tull"", ""Mary Parent"", ""Jon Jashni"", ""Alex Garcia""]","[""Jordan Vogt-Roberts""]"
The Hurt Locker,Average Rating: 7.6/10,2016,Action & Adventure,"[""Chris Evans"", ""Robert Downey Jr."", ""Scarlett Johansson"", ""Sebastian Stan"", ""Anthony Mackie"", ""Don Cheadle"", ""Jeremy Renner"", ""Chadwick Boseman"", ""Paul Bettany"", ""Elizabeth Olsen"", ""Paul Rudd"", ""Emily VanCamp"", """", """", """", """", """", """", """", """"]","[""Kevin Feige""]","[""Anthony Russo"", ""Joe Russo""]"
X-Men: Days of Future Past,Average Rating: 8.5/10,2009,Thriller,"[""Jeremy Renner"", ""Anthony Mackie"", ""Brian Geraghty"", ""Guy Pearce"", ""Ralph Fiennes"", ""David Morse""]","[""Nicolas Chartier"", ""Mark Boal""]","[""Kathryn Bigelow""]"
Harry Potter and the Prisoner of Azkaban,Average Rating: 7.5/10,2014,Action & Adventure,"[""Hugh Jackman"", ""James McAvoy"", ""Michael Fassbender"", ""Jennifer Lawrence"", ""Halle Berry"", ""Anna Paquin"", ""Ellen Page"", ""Peter Dinklage"", ""Ian McKellen"", ""Patrick Stewart""]","[""Lauren Shuler Donner"", ""Bryan Singer"", ""Simon Kinberg"", ""Hutch Parker"", ""Bad Hat Harry Productions"", ""Donners' Company""]","[""Bryan Singer""]"
Fast & Furious 6 (Extended Edition),Average Rating: 7.9/10,2004,Kids & Family,"[""Daniel Radcliffe"", ""Rupert Grint"", ""Emma Watson"", ""Robbie Coltrane"", ""Michael Gambon"", ""Richard Griffiths"", ""Gary Oldman"", ""Alan Rickman"", ""Fiona Shaw"", ""Maggie Smith"", ""Timothy Spall"", ""David Thewlis"", """", """"]","[""David Heyman"", ""Chris Columbus"", ""Mark Radcliffe""]","[""Alfonso Cuarón""]"
The Adjustment Bureau,Average Rating: 6.2/10,2013,Action & Adventure,"[""Vin Diesel"", ""Paul Walker"", ""Dwayne Johnson"", ""Michelle Rodriguez"", ""Jordana Brewster"", ""Tyrese Gibson"", ""Chris \""Ludacris\"" Bridges"", ""Sung Kang"", ""Gal Gadot"", ""Luke Evans"", ""Gina Carano"", """", """", """", """"]","[""Vin Diesel"", ""Neal H. Moritz"", ""Clayton Townsend""]","[""Justin Lin""]"
Mud,Average Rating: 6.6/10,2011,Action & Adventure,"[""Matt Damon"", ""Emily Blunt"", ""Terence Stamp"", ""Anthony Mackie"", ""John Slattery"", ""Michael Kelly"", ""Anthony Ruivivar""]","[""Michael Hackett"", ""Bill Carraro"", ""Chris Moore""]","[""George Nolfi""]"
Logan,Average Rating: 8.0/10,2013,Action & Adventure,"[""Matthew McConaughey"", ""Tye Sheridan"", ""Sam Shepard"", ""Reese Witherspoon"", ""Michael Shannon"", ""Jacob Lofland""]","[""Sarah Green"", ""Aaron Ryder"", ""Lisa Maria Falcone""]","[""Jeff Nichols""]"
Now You See Me 2,Average Rating: 7.9/10,2017,Action & Adventure,"[""Hugh Jackman"", ""Patrick Stewart"", ""Richard E. Grant"", ""Boyd Holbrook"", ""Stephen Merchant"", ""Dafne Keen""]","[""Hutch Parker"", ""Simon Kinberg"", ""Lauren Shuler Donner"", ""Joe Caracciolo Jr."", ""Stan Lee"", ""James Mangold"", ""JoshMcLaglen""]","[""James Mangold""]"
Quantum of Solace,Average Rating: 4.9/10,2016,Action & Adventure,"[""Morgan Freeman"", ""Jesse Eisenberg"", ""Daniel Radcliffe"", ""Woody Harrelson"", ""Mark Ruffalo"", ""Dave Franco"", ""Michael Caine"", ""Lizzy Caplan"", ""周杰倫"", ""Sanaa Lathan""]","[""Alex Kurtzman"", ""Roberto Orci"", ""Bobby Cohen""]","[""Jon M. Chu""]"
The Magnificent Seven (2016),Average Rating: 6.1/10,2008,Action & Adventure,"[""Daniel Craig"", ""Olga Kurylenko"", ""Mathieu Amalric"", ""Judi Dench"", ""Giancarlo Giannini"", ""Gemma Arterton"", ""Jeffrey Wright""]","[""Barbara Broccoli"", ""Michael G. Wilson""]","[""Marc Forster""]"
Rise of the Planet of the Apes,Average Rating: 6.0/10,2016,Western,"[""Haley Bennett"", ""Vincent D'Onofrio"", ""Ethan Hawke"", ""Chris Pratt"", ""Peter Sarsgaard"", ""Denzel Washington"", ""Manuel Garcia-Rulfo"", ""Luke Grimes"", ""Byung-Hun Lee"", ""Martin Sensmeier""]","[""Roger Birnbaum"", ""Todd Black""]","[""Antoine Fuqua""]"
Star Trek Beyond,Average Rating: 7.1/10,2011,Action & Adventure,"[""James Franco"", ""Freida Pinto"", ""John Lithgow"", ""Brian Cox"", ""Tom Felton"", ""Andy Serkis""]",[],"[""Rupert Wyatt""]"
Snow White & the Huntsman (Extended Edition),Average Rating: 6.9/10,2016,Sci-Fi & Fantasy,"[""John Cho"", ""Simon Pegg"", ""Chris Pine"", ""Zachary Quinto"", ""Zoe Saldana"", ""Karl Urban"", ""Anton Yelchin"", ""Idris Elba""]","[""J.J. Abrams"", ""Roberto Orci"", ""Lindsey Weber"", ""Justin Lin""]","[""Justin Lin""]"
Up,Average Rating: 5.6/10,2012,Action & Adventure,"[""Kristen Stewart"", ""Charlize Theron"", ""Chris Hemsworth"", ""Sam Claflin"", ""Sam Spruell"", ""Ian McShane"", ""Bob Hoskins"", ""Ray Winstone"", ""Eddie Marsan"", ""Nick Frost""]","[""Joe Roth"", ""Sam Mercer""]","[""Rupert Sanders""]"
Star Wars: A New Hope,Average Rating: 8.7/10,2009,Kids & Family,"[""Edward Asner"", ""Christopher Plummer"", ""Jordan Nagai"", ""Delroy Lindo""]","[""Jonas Rivera""]","[""Pete Docter""]"
Avatar (2009),Average Rating: 8.6/10,1977,Action & Adventure,"[""Mark Hamill"", ""Harrison Ford"", ""Carrie Fisher"", ""Peter Cushing"", ""Alec Guinness"", ""Anthony Daniels"", ""Kenny Baker"", ""Peter Mayhew"", ""David Prowse"", ""James Earl Jones"", ""Jack Purvis"", ""Eddie Byrne""]","[""Gary Kurtz""]","[""George Lucas""]"
Life of Pi,Average Rating: 7.4/10,2009,Action & Adventure,"[""Sam Worthington"", ""Zoe Saldana"", ""Stephen Lang"", ""Michelle Rodriguez"", ""Sigourney Weaver"", ""Giovanni Ribisi""]","[""James Cameron"", ""Jon Landau""]","[""James Cameron""]"
Safe House,Average Rating: 7.9/10,2012,Drama,"[""Suraj Sharma"", ""Irrfan Khan"", ""Tabu"", ""Rafe Spall"", ""Gérard Depardieu""]",[],"[""Ang Lee""]"
Ocean's Eleven (2001),Average Rating: 5.7/10,2012,Action & Adventure,"[""Denzel Washington"", ""Ryan Reynolds"", ""Vera Farmiga"", ""Brendan Gleeson"", ""Sam Shepard"", ""Rubén Blades"", ""Nora Arnezeder"", ""Robert Patrick""]","[""Scott Stuber""]","[""Daniel Espinosa""]"
Transformers: Age of Extinction,Average Rating: 6.9/10,2002,Action & Adventure,"[""George Clooney"", ""Matt Damon"", ""Andy Garcia"", ""Brad Pitt"", ""Julia Roberts"", ""Don Cheadle"", ""Casey Affleck"", ""Scott Caan"", ""Elliott Gould"", ""Bernie Mac"", ""Carl Reiner"", ""Shaobo Qin""]","[""Jerry Weintraub""]","[""Steven Soderbergh""]"
A Good Day to Die Hard,Average Rating: 3.9/10,2014,Action & Adventure,"[""Mark Wahlberg"", ""Stanley Tucci"", ""John Goodman"", ""Kelsey Grammer"", ""李冰冰"", ""T.J. Miller"", ""Sophia Myles"", ""Nicola Peltz"", ""Jack Reynor""]","[""Don Murphy"", ""Tom DeSanto"", ""Lorenzo di Bonaventura"", ""Ian Bryce""]","[""Michael Bay""]"
Mad Max: Fury Road,Average Rating: 3.9/10,2013,Action & Adventure,"[""Bruce Willis"", ""Jai Courtney"", ""Sebastian Koch"", ""Rasha Bukvic"", ""Cole Hauser""]",[],"[""John Moore""]"
Back to the Future Part II,Average Rating: 8.6/10,2015,Action & Adventure,"[""Tom Hardy"", ""Charlize Theron"", ""Nicholas Hoult"", ""Hugh Keays-Byrne"", ""Nathan Jones"", ""Zoe Kravitz"", ""Riley Keough"", ""Rosie Huntington-Whiteley"", ""Abbey Lee"", ""Courtney Eaton"", ""Josh Helman""]","[""Doug Mitchell"", ""George Miller"", ""P.J. Voeten""]","[""George Miller""]"
Pacific Rim,Average Rating: 6.1/10,1989,Comedy,"[""Michael J. Fox"", ""Christopher Lloyd"", ""Lea Thompson"", ""Thomas F. Wilson"", ""Casey Siemaszko"", ""Billy Zane"", ""Elisabeth Shue"", ""Elijah Wood""]","[""Bob Gale"", ""Neil Canton""]","[""Robert Zemeckis""]"
Casino Royale,Average Rating: 6.6/10,2013,Action & Adventure,"[""Charlie Hunnam"", ""Idris Elba"", ""Rinko Kikuchi"", ""Charlie Day"", ""Rob Kazinsky"", ""Max Martini"", ""Ron Perlman""]","[""Guillermo del Toro"", ""Thomas Tull"", ""Jon Jashni"", ""Mary Parent""]","[""Guillermo del Toro""]"
Passengers (2016),Average Rating: 7.9/10,2006,Action & Adventure,"[""Daniel Craig"", ""Eva Green"", ""Mads Mikkelsen"", ""Judi Dench"", ""Jeffrey Wright"", ""Giancarlo Giannini"", ""Caterina Murino"", ""Simon Abkarian"", ""Isaach de Bankolé"", ""Jesper Christensen"", ""Ivana Milicevic""]","[""Barbara Broccoli"", ""Michael G. Wilson""]",[]
Hell or High Water,Average Rating: 4.9/10,2016,Sci-Fi & Fantasy,"[""Jennifer Lawrence"", ""Chris Pratt"", ""Michael Sheen"", ""Laurence Fishburne""]","[""Stephen Hamel"", ""Michael Maher"", ""Neal H. Moritz"", ""Ori Marmur""]","[""Morten Tyldum""]"
The Equalizer,Average Rating: 8.5/10,2016,Action & Adventure,"[""Jeff Bridges"", ""Chris Pine"", ""Ben Foster"", ""Gil Birmingham"", ""Katy Mixon""]","[""Sidney Kimmel"", ""Peter Berg"", ""Carla Hacken"", ""Julie Yorn""]","[""David Mackenzie""]"
22 Jump Street,Average Rating: 5.7/10,2014,Action & Adventure,"[""Denzel Washington"", ""Marton Csokas"", ""Chloe Grace Moretz"", ""David Harbour"", ""Haley Bennett"", ""Bill Pullman"", ""Melissa Leo"", ""David Meunier"", ""Johnny Skourtis"", ""Alex Veadov"", ""Vladimir Kulich"", ""E. Roger Mitchell""]","[""Denzel Washington"", ""Todd Black"", ""Jason Blumenthal"", ""Alex Siskin"", ""Steve Tisch"", ""Mace Neufeld"", ""Tony Eldridge"", ""Michael Sloan""]","[""Antoine Fuqua""]"
Jack Reacher: Never Go Back,Average Rating: 7.0/10,2014,Comedy,"[""Jonah Hill"", ""Channing Tatum"", ""Peter Stormare"", ""Ice Cube"", ""Jillian Bell"", ""Keith Lucas"", ""Kenny Lucas"", ""Nick Offerman"", ""Amber Stevens"", ""Wyatt Russell"", ""Caroline Aaron"", ""Craig Roberts"", """"]","[""Jonah Hill"", ""Channing Tatum"", ""Neal H. Moritz""]","[""Phil Lord"", ""Christopher Miller""]"
Avengers: Age of Ultron,Average Rating: 5.2/10,2016,Action & Adventure,"[""Tom Cruise"", ""Cobie Smulders""]","[""Tom Cruise"", ""Don Granger"", ""Christopher McQuarrie"", ""Paula Wagner"", ""Herb Gains"", ""David Ellison"", ""Dana Goldberg""]","[""Edward Zwick""]"
How to Train Your Dragon 2,Average Rating: 6.7/10,2015,Sci-Fi & Fantasy,"[""Robert Downey Jr."", ""Chris Hemsworth"", ""Mark Ruffalo"", ""Chris Evans"", ""Scarlett Johansson"", ""Jeremy Renner"", ""Don Cheadle"", ""Aaron Taylor-Johnson"", ""Elizabeth Olsen"", ""Paul Bettany"", ""Cobie Smulders"", """", """", """", """", """", """", """", """", """", """", """", """", """", """", """", """", """", """", """", """", """", """", """", """", """", """", """", """", """", """", """", """", """", """", """", """", """", """", """", """", """", """", """", """", """", """", """", """", """", """", """", """", """", """", """", """"]","[""Kevin Feige""]","[""Joss Whedon""]"
Ride Along,Average Rating: 7.8/10,2014,Kids & Family,"[""Jay Baruchel"", ""Cate Blanchett"", ""Gerard Butler"", ""Craig Ferguson"", ""America Ferrera"", ""Kit Harington"", ""Jonah Hill"", ""Djimon Hounsou"", ""T.J. Miller"", ""Christopher Mintz-Plasse"", ""Kristen Wiig""]",[],"[""Dean Deblois""]"
The Heat,Average Rating: 4.2/10,2014,Comedy,"[""Ice Cube"", ""Kevin Hart"", ""John Leguizamo"", ""Bruce McGill"", ""Tika Sumpter"", ""Bryan Callen"", ""Laurence Fishburne""]","[""Ice Cube"", ""Will Packer"", ""Matt Alvarez"", ""Larry Brezner""]","[""Tim Story""]"
Indiana Jones and the Raiders of the Lost Ark,Average Rating: 6.2/10,2013,Comedy,"[""Sandra Bullock"", ""Melissa McCarthy"", ""Demián Bichir"", ""Marlon Wayans"", ""Michael Rapaport""]",[],"[""Paul Feig""]"
Star Wars: The Empire Strikes Back,Average Rating: 9.2/10,1981,Action & Adventure,"[""Harrison Ford"", ""Karen Allen"", ""Denholm Elliott"", ""Paul Freeman"", ""Wolf Kahler"", ""John Rhys-Davies"", ""Ronald Lacey"", ""Anthony Higgins"", ""Alfred Molina"", ""Vic Tablian""]","[""Frank Marshall"", ""George Lucas""]","[""Steven Spielberg""]"
The Bourne Ultimatum,Average Rating: 8.9/10,1980,Action & Adventure,"[""Mark Hamill"", ""Harrison Ford"", ""Carrie Fisher"", ""Billy Dee Williams"", ""Anthony Daniels"", ""David Prowse"", ""Peter Mayhew"", ""Kenny Baker"", ""Frank Oz"", ""Alec Guinness"", ""Jeremy Bulloch"", ""Kenneth Colley"", """"]","[""Gary Kurtz""]","[""Irvin Kershner""]"
Iron Man 3,Average Rating: 8.0/10,2007,Action & Adventure,"[""Matt Damon"", ""Julia Stiles"", ""David Strathairn"", ""Scott Glenn"", ""Paddy Considine"", ""Edgar Ramirez"", ""Albert Finney"", ""Joan Allen""]","[""Frank Marshall"", ""Paul Sandberg"", ""Patrick Crowley""]","[""Paul Greengrass""]"
Olympus Has Fallen,Average Rating: 7.0/10,2013,Action & Adventure,"[""Robert Downey Jr."", ""Gwyneth Paltrow"", ""Don Cheadle"", ""Guy Pearce"", ""Rebecca Hall"", ""Stephanie Szostak"", ""James Badge Dale"", ""William Sadler"", ""Miguel Ferrer"", ""Jon Favreau"", ""Sir Ben Kingsley"", ""Ty Simpkins"", """", """"]","[""Kevin Feige""]","[""Shane Black""]"
Indiana Jones and the Kingdom of the Crystal Skull,Average Rating: 5.4/10,2013,Action & Adventure,"[""Gerard Butler"", ""Morgan Freeman"", ""Dylan McDermott"", ""Radha Mitchell"", ""Aaron Eckhart"", ""Ashley Judd"", ""Cole Hauser"", ""Rick Yune"", ""Melissa Leo"", ""Han Soto"", ""Angela Bassett"", ""Robert Forster""]","[""Gerard Butler"", ""Mark Gill"", ""Ed Cathell""]","[""Antoine Fuqua""]"
Star Wars: Return of the Jedi,Average Rating: 6.9/10,2008,Action & Adventure,"[""Harrison Ford"", ""Cate Blanchett"", ""Karen Allen"", ""Shia LaBeouf"", ""Ray Winstone"", ""John Hurt"", ""Jim Broadbent""]","[""George Lucas"", ""Kathleen Kennedy"", ""Frank Marshall"", ""Denis L. Stewart""]","[""Steven Spielberg""]"
Central Intelligence,Average Rating: 7.2/10,1983,Action & Adventure,"[""Mark Hamill"", ""Harrison Ford"", ""Carrie Fisher"", ""Billy Dee Williams"", ""Anthony Daniels"", ""Peter Mayhew"", ""Sebastian Shaw"", ""Ian McDiarmid"", ""Frank Oz"", ""James Earl Jones"", ""David Prowse"", ""Alec Guinness"", """", """", """", """", """"]","[""Howard Kazanjian""]","[""Richard Marquand""]"
The Other Guys,Average Rating: 5.7/10,2016,Comedy,"[""Dwayne Johnson"", ""Kevin Hart"", ""Amy Ryan"", ""Danielle Nicolet"", ""Aaron Paul""]","[""Scott Stuber"", ""Peter Principato"", ""Paul Young"", ""Michael Fottrell""]","[""Rawson Marshall Thurber""]"
Looper,Average Rating: 6.7/10,2010,Comedy,"[""Will Ferrell"", ""Mark Wahlberg"", ""Eva Mendes"", ""Michael Keaton"", ""Steve Coogan"", ""Ray Stevenson"", ""Samuel L. Jackson"", ""Dwayne Johnson""]","[""Will Ferrell"", ""Adam McKay"", ""Jimmy Miller"", ""Patrick Crowley""]","[""Adam McKay""]"
The Fate of the Furious,Average Rating: 8.1/10,2012,Action & Adventure,"[""Bruce Willis"", ""Joseph Gordon-Levitt"", ""Emily Blunt"", ""Paul Dano"", ""Noah Segan"", ""Piper Perabo"", ""Jeff Daniels""]","[""Ram Bergman"", ""James D. Stern""]","[""Rian Johnson""]"
Maze Runner: The Scorch Trials,Average Rating: 6.1/10,2017,Action & Adventure,"[""Vin Diesel"", ""Dwayne Johnson"", ""Jason Statham"", ""Michelle Rodriguez"", ""Tyrese Gibson"", ""Chris \""Ludacris\"" Bridges"", ""Kurt Russell"", ""Charlize Theron""]","[""Vin Diesel"", ""Neal H. Moritz"", ""Chris Morgan"", ""Michael Fottrell""]","[""F. Gary Gray""]"
Back to the Future Part III,Average Rating: 5.4/10,2015,Action & Adventure,"[""Dylan O'Brien"", ""Kaya Scodelario"", ""Thomas Brodie-Sangster"", ""Giancarlo Esposito"", ""Aidan Gillen"", ""Barry Pepper"", ""Lili Taylor"", ""Patricia Clarkson""]",[],"[""Wes Ball""]"
Percy Jackson & the Olympians: The Lightning Thief,Average Rating: 6.5/10,1990,Comedy,"[""Michael J. Fox"", ""Christopher Lloyd"", ""Lea Thompson"", ""Thomas F. Wilson"", ""Mary Steenburgen"", ""Elisabeth Shue"", ""Richard Dysart"", ""Harry Carey, Jr."", ""Flea""]","[""Bob Gale"", ""Neil Canton""]","[""Robert Zemeckis""]"
The Bourne Supremacy,Average Rating: 5.3/10,2010,Kids & Family,"[""Logan Lerman"", ""Brandon T. Jackson"", ""Alexandra Daddario"", ""Sean Bean"", ""Pierce Brosnan"", ""Steve Coogan"", ""Rosario Dawson"", ""Catherine Keener"", ""Kevin McKidd"", ""Joe Pantoliano"", ""Uma Thurman""]",[],"[""Chris Columbus""]"
Thor: The Dark World,Average Rating: 7.2/10,2004,Action & Adventure,"[""Matt Damon"", ""Franka Potente"", ""Brian Cox"", ""Julia Stiles"", ""Karl Urban"", ""Gabriel Mann"", ""Joan Allen""]","[""Frank Marshall"", ""Patrick Crowley"", ""Paul Sandberg""]","[""Paul Greengrass""]"
Ocean's Thirteen,Average Rating: 6.2/10,2013,Action & Adventure,"[""Chris Hemsworth"", ""Natalie Portman"", ""Tom Hiddleston"", ""Anthony Hopkins"", ""Rene Russo"", ""Stellan Skarsgård"", ""Idris Elba"", ""Christopher Eccleston"", ""Adewale Akinnuoye-Agbaje"", ""Kat Dennings"", """", """", """", """", """", """"]","[""Kevin Feige""]","[""Alan Taylor""]"
The Divergent Series: Insurgent,Average Rating: 6.4/10,2007,Comedy,"[""George Clooney"", ""Brad Pitt"", ""Matt Damon"", ""Andy Garcia"", ""Don Cheadle"", ""Bernie Mac"", ""Ellen Barkin"", ""Al Pacino"", ""Elliott Gould"", ""Casey Affleck"", ""Scott Caan"", ""Eddie Jemison"", """", """", """", """"]","[""Jerry Weintraub""]","[""Steven Soderbergh""]"
Furious 7 (Extended Edition),Average Rating: 5.0/10,2015,Action & Adventure,"[""Shailene Woodley"", ""Theo James"", ""Octavia Spencer"", ""Jai Courtney"", ""Miles Teller"", ""Ansel Elgort"", ""Mekhi Phifer"", ""Daniel Dae Kim"", ""Naomi Watts"", ""Kate Winslet""]","[""Douglas Wick"", ""Lucy Fisher"", ""Pouya Shahbazian""]","[""Robert Schwentke""]"
Ocean's Twelve,Average Rating: 6.6/10,2015,Action & Adventure,"[""Vin Diesel"", ""Paul Walker"", ""Dwayne Johnson"", ""Michelle Rodriguez"", ""Tyrese Gibson"", ""Chris \""Ludacris\"" Bridges"", ""Jordana Brewster"", ""Djimon Hounsou"", ""Tony Jaa"", ""Ronda Rousey"", ""Nathalie Emmanuel"", """", """"]","[""Neal H. Moritz"", ""Vin Diesel"", ""Michael Fottrell""]","[""James Wan""]"
Red (2010),Average Rating: 5.9/10,2004,Action & Adventure,"[""George Clooney"", ""Brad Pitt"", ""Matt Damon"", ""Catherine Zeta-Jones"", ""Andy Garcia"", ""Don Cheadle"", ""Julia Roberts"", ""Bernie Mac""]","[""Jerry Weintraub""]","[""Steven Soderbergh""]"
The Amazing Spider-Man,Average Rating: 6.3/10,2010,Action & Adventure,"[""Bruce Willis"", ""Mary-Louise Parker"", ""Karl Urban"", ""Morgan Freeman"", ""Helen Mirren"", ""John Malkovich""]","[""Lorenzo di Bonaventura"", ""Mark Vahradian""]","[""Robert Schwentke""]"
Act of Valor,Average Rating: 6.7/10,2012,Action & Adventure,"[""Andrew Garfield"", ""Emma Stone"", ""Rhys Ifans"", ""Denis Leary"", ""Campbell Scott"", ""Irrfan Khan"", ""Martin Sheen"", ""Sally Field"", ""Embeth Davidtz"", ""Chris Zylka""]","[""Laura Ziskin"", ""Avi Arad"", ""Matt Tolmach""]","[""Marc Webb""]"
Dr. Seuss' the Lorax,Average Rating: 4.5/10,2012,Action & Adventure,"[""Alex Veadov"", ""Roselyn Sanchez"", ""Nestor Serrano""]",[],"[""Mouse McCoy"", ""Scott Waugh""]"
Transformers,Average Rating: 5.9/10,2012,Kids & Family,"[""Danny DeVito"", ""Ed Helms"", ""Zac Efron"", ""Taylor Swift"", ""Rob Riggle"", ""Jenny Slate"", ""Betty White""]","[""Chris Meledandri"", ""Janet Healy""]","[""Chris Renaud""]"
Ghostbusters (2016),Average Rating: 5.8/10,2007,Action & Adventure,"[""Shia LaBeouf"", ""Megan Fox"", ""Josh Duhamel"", ""Tyrese Gibson"", ""Rachael Taylor"", ""Anthony Anderson"", ""Jon Voight"", ""John Turturro""]","[""Michael Bay"", ""Ian Bryce"", ""Allegra Clegg"", ""Tom DeSanto"", ""Lorenzo di Bonaventura"", ""Brian Goldner"", ""Steven Spielberg"", ""Mark Vahradian""]","[""Michael Bay""]"
Contagion,Average Rating: 6.5/10,2016,Comedy,"[""Melissa McCarthy"", ""Kristen Wiig"", ""Kate McKinnon"", ""Leslie Jones"", ""Charles Dance"", ""Michael Kenneth Williams"", ""Chris Hemsworth"", ""Neil Casey"", ""Cecily Strong"", ""Matt Walsh"", ""Ed Begley Jr.""]","[""Ivan Reitman"", ""Amy Pascal""]","[""Paul Feig""]"
This Means War,Average Rating: 7.1/10,2011,Thriller,"[""Matt Damon"", ""Gwyneth Paltrow"", ""Jude Law"", ""Kate Winslet"", ""Laurence Fishburne"", ""Marion Cotillard""]","[""Michael Shamberg"", ""Stacey Sher"", ""Gregory Jacobs""]","[""Steven Soderbergh""]"
The Bourne Identity,Average Rating: 4.2/10,2012,Comedy,"[""Reese Witherspoon"", ""Chris Pine"", ""Tom Hardy""]",[],"[""McG""]"
The Lion King,Average Rating: 7.1/10,2002,Action & Adventure,"[""Matt Damon"", ""Franka Potente"", ""Chris Cooper"", ""Clive Owen"", ""Brian Cox"", ""Adewale Akinnuoye-Agbaje""]","[""Doug Liman"", ""Patrick Crowley"", ""Richard N. Gladstein""]","[""Doug Liman""]"
San Andreas,Average Rating: 8.4/10,1994,Kids & Family,"[""Jonathan Taylor Thomas"", ""Matthew Broderick"", ""James Earl Jones"", ""Jeremy Irons"", ""Moira Kelly"", ""Niketa Calame"", ""Ernie Sabella"", ""Nathan Lane"", ""Robert Guillaume"", ""Rowan Atkinson"", ""Madge Sinclair"", """", """", """"]","[""Don Hahn""]","[""Roger Allers"", ""Rob Minkoff""]"
X-Men: Apocalypse,Average Rating: 5.2/10,2015,Action & Adventure,"[""Dwayne Johnson"", ""Carla Gugino"", ""Alexandra Daddario"", ""Ioan Gruffudd"", ""Archie Panjabi"", ""Hugo Johnstone-Burt"", ""Art Parkinson"", ""Paul Giamatti""]","[""Beau Flynn""]","[""Brad Peyton""]"
Ant-Man,Average Rating: 5.7/10,2016,Action & Adventure,"[""James McAvoy"", ""Michael Fassbender"", ""Jennifer Lawrence"", ""Oscar Isaac"", ""Nicholas Hoult"", ""Rose Byrne"", ""Tye Sheridan"", ""Sophie Turner"", ""Olivia Munn"", ""Lucas Till""]","[""Lauren Shuler Donner"", ""Simon Kinberg"", ""Hutch Parker"", ""Bryan Singer""]","[""Bryan Singer""]"
Deepwater Horizon,Average Rating: 6.8/10,2015,Action & Adventure,"[""Paul Rudd"", ""Michael Douglas"", ""Evangeline Lilly"", ""Corey Stoll"", ""Bobby Cannavale"", ""Anthony Mackie"", ""Judy Greer"", ""Abby Ryder Fortson"", ""Michael Peña"", ""David Dastmalchian"", ""Tip “T.I.” Harris"", ""Wood Harris"", """", """", """", """", """", """", """", """", """", """", """", """", """", """", """", """", """", """", """", """", """", """", """", """", """", """", """", """", """", """", """", """", """", """", """", """", """", """", """", """", """", """", """", """", """", """", """", """", """", """", """", """", """"]","[""Kevin Feige""]","[""Peyton Reed""]"
Star Wars: The Phantom Menace,Average Rating: 7.0/10,2016,Action & Adventure,"[""Dylan O'Brien"", ""Mark Wahlberg"", ""Kate Hudson"", ""Kurt Russell"", ""Gina Rodriguez"", ""Ethan Suplee""]",[],"[""Peter Berg""]"
Indiana Jones and the Temple of Doom,Average Rating: 6.0/10,1999,Action & Adventure,"[""Liam Neeson"", ""Ewan McGregor"", ""Natalie Portman"", ""Jake Lloyd"", ""Ian McDiarmid"", ""Pernilla August"", ""Samuel L. Jackson"", ""Oliver Ford Davies"", ""Hugh Quarshie"", ""Ahmed Best"", ""Anthony Daniels"", ""Kenny Baker"", """", """", """", """", """", """", """", """", """", """", """", """"]","[""Rick McCallum""]","[""George Lucas""]"
Suicide Squad (2016),Average Rating: 7.2/10,1984,Action & Adventure,"[""Harrison Ford"", ""Kate Capshaw"", ""Ke Huy Quan"", ""Amrish Puri"", ""Roshan Seth"", ""Philip Stone"", ""Roy Chiao"", ""David Yip"", ""Ric Young"", ""Chua Kah Joo""]","[""Robert Watts"", ""George Lucas"", ""Frank Marshall""]","[""Steven Spielberg""]"
The Jungle Book (2016),Average Rating: 4.7/10,2016,Action & Adventure,"[""Will Smith"", ""Jared Leto"", ""Margot Robbie"", ""Joel Kinnaman"", ""Viola Davis"", ""Jai Courtney"", ""Jay Hernandez"", ""Adewale Akinnuoye-Agbaje"", ""Ike Barinholtz"", ""Scott Eastwood"", ""Cara Delevingne""]","[""Charles Roven"", ""Richard Suckle""]","[""David Ayer""]"
Star Wars: Revenge of the Sith,Average Rating: 7.8/10,2016,Kids & Family,"[""Bill Murray"", ""Sir Ben Kingsley"", ""Idris Elba"", ""Lupita Nyong'o"", ""Scarlett Johansson"", ""Giancarlo Esposito"", ""Christopher Walken"", ""Neel Sethi"", ""Garry Shandling"", ""Brighton Rose"", ""Emjay Anthony"", ""Max Favreau"", """", """", """", """", """", """", """", """", """", """", """", """", """", """", """", """"]","[""Jon Favreau"", ""Brigham Taylor""]","[""Jon Favreau""]"
Inglourious Basterds,Average Rating: 7.3/10,2005,Action & Adventure,"[""Ewan McGregor"", ""Natalie Portman"", ""Hayden Christensen"", ""Ian McDiarmid"", ""Samuel L. Jackson"", ""Jimmy Smits"", ""Frank Oz"", ""Anthony Daniels"", ""Christopher Lee"", ""Silas Carson"", ""Jay Laga'aia"", """", """", """", """", """", """", """", """"]","[""Rick McCallum""]","[""George Lucas""]"
The Hobbit: The Desolation of Smaug,Average Rating: 7.8/10,2009,Action & Adventure,"[""Brad Pitt"", ""Mélanie Laurent"", ""Christoph Waltz"", ""Michael Fassbender"", ""Eli Roth"", ""Diane Kruger"", ""Daniel Brühl"", ""Til Schweiger""]","[""Lawrence Bender""]","[""Quentin Tarantino""]"
Elysium,Average Rating: 6.8/10,2013,Action & Adventure,"[""Ian McKellen"", ""Martin Freeman"", ""Richard Armitage"", ""Benedict Cumberbatch"", ""Evangeline Lilly"", ""Lee Pace"", ""Luke Evans"", ""Stephen Fry"", ""Ken Stott"", ""James Nesbitt"", ""Orlando Bloom"", """", """", """", """", """", """", """", """", """", """", """", """", """", """", """"]","[""Fran Walsh"", ""Peter Jackson"", ""Zane Weiner"", ""Carolynne Cunningham""]","[""Peter Jackson""]"
Shrek,Average Rating: 6.5/10,2013,Action & Adventure,"[""Matt Damon"", ""Jodie Foster"", ""Sharlto Copley"", ""Alice Braga"", ""Diego Luna"", ""Wagner Moura"", ""William Fichtner"", ""Brandon Auret"", ""Josh Blacker"", ""Emma Tremblay"", ""Jose Pablo Cantillo"", ""Maxwell Perry Cotton"", """"]","[""Neill Blomkamp"", ""Bill Block"", ""Simon Kinberg""]","[""Neill Blomkamp""]"
Vacation,Average Rating: 7.8/10,2001,Kids & Family,"[""John Lithgow"", ""Mike Myers"", ""Cameron Diaz"", ""Eddie Murphy""]","[""Aron Warner"", ""John H. Williams"", ""Jeffrey Katzenberg""]","[""Vicky Jenson"", ""Andrew Adamson""]"
Mission: Impossible – Rogue Nation,Average Rating: 4.0/10,2015,Comedy,"[""Ed Helms"", ""Christina Applegate"", ""Leslie Mann"", ""Beverly D'Angelo"", ""Skyler Gisondo"", ""Steele Stebbins"", ""Chris Hemsworth"", ""Chevy Chase""]","[""Chris Bender"", ""David Dobkin""]","[""Jonathan Goldstein"", ""John Francis Daley""]"
Star Wars: Attack of the Clones,Average Rating: 7.5/10,2015,Action & Adventure,"[""Tom Cruise"", ""Jeremy Renner"", ""Simon Pegg"", ""Rebecca Ferguson"", ""Ving Rhames"", ""Sean Harris"", ""Alec Baldwin""]","[""Tom Cruise"", ""J.J. Abrams"", ""Bryan Burk"", ""David Ellison"", ""Dana Goldberg"", ""Don Granger""]","[""Christopher McQuarrie""]"
Kung Fu Panda 3,Average Rating: 6.7/10,2002,Action & Adventure,"[""Ewan McGregor"", ""Natalie Portman"", ""Hayden Christensen"", ""Christopher Lee"", ""Samuel L. Jackson"", ""Frank Oz"", ""Ian McDiarmid"", ""Pernilla August"", ""Temuera Morrison"", ""Jimmy Smits"", ""Jack Thompson"", """", """", """", """", """", """", """", """", """", """", """"]","[""Rick McCallum""]","[""George Lucas""]"
Pineapple Express,Average Rating: 6.8/10,2016,Kids & Family,"[""Jack Black"", ""Bryan Cranston"", ""Dustin Hoffman"", ""Angelina Jolie"", ""J.K. Simmons"", ""Jackie Chan"", ""Seth Rogen"", ""Lucy Liu"", ""David Cross"", ""Kate Hudson"", ""James Hong"", ""Randall Duk Kim""]",[],"[""Alessandro Carloni"", ""Jennifer Yuh Nelson""]"
The Secret Life of Walter Mitty,Average Rating: 6.3/10,2009,Comedy,"[""Seth Rogen"", ""James Franco"", ""Gary Cole"", ""Rosie Perez"", ""Danny McBride""]","[""Judd Apatow"", ""Shauna Robertson""]","[""David Gordon Green""]"
300,Average Rating: 5.9/10,2013,Comedy,"[""Ben Stiller"", ""Kristen Wiig"", ""Sean Penn"", ""Adam Scott"", ""Shirley MacLaine"", ""Kathryn Hahn""]",[],"[""Ben Stiller""]"
Mission: Impossible III,Average Rating: 6.1/10,2007,Action & Adventure,"[""David Wenham"", ""Dominic West"", ""Lena Headey"", ""Gerard Butler"", ""Vincent Regan"", ""Michael Fassbender"", ""Tom Wisdom"", ""Andrew Pleavin"", ""Andrew Tiernan"", ""Rodrigo Santoro"", ""Tyler Neitzel"", """", """", """", """", """", """", """", """", """", """"]","[""Gianni Nunnari"", ""Mark Canton"", ""Bernie Goldmann"", ""Jeffrey Silver""]","[""Zack Snyder""]"
End of Watch,Average Rating: 6.6/10,2006,Action & Adventure,"[""Tom Cruise"", ""Philip Seymour Hoffman"", ""Ving Rhames"", ""Billy Crudup"", ""Michelle Monaghan"", ""Jonathan Rhys Meyers"", ""Keri Russell"", ""Maggie Q"", ""Laurence Fishburne"", ""Simon Pegg""]","[""Tom Cruise"", ""Paula Wagner""]","[""J.J. Abrams""]"
Tower Heist,Average Rating: 7.1/10,2012,Action & Adventure,"[""Jake Gyllenhaal"", ""Michael Peña"", ""Anna Kendrick"", ""Natalie Martinez"", ""America Ferrera"", ""Frank Grillo"", ""David Harbour"", ""Maurice Compte"", ""Cody Horn"", ""Richard Cabral"", ""Kristy Wu"", ""Diamonique"", """", """"]","[""David Ayer"", ""Nigel Sinclair"", ""Matt Jackson"", ""John Lesher""]","[""David Ayer""]"
Pirates of the Caribbean: At World's End,Average Rating: 6.2/10,2011,Comedy,"[""Ben Stiller"", ""Eddie Murphy"", ""Casey Affleck"", ""Alan Alda"", ""Matthew Broderick"", ""Stephen McKinley Henderson"", ""Téa Leoni"", ""Michael Peña"", ""Gabourey Sidibe"", ""Judd Hirsch"", ""Zeljko Ivanek"", """"]","[""Brian Grazer"", ""Kim Roth""]","[""Brett Ratner""]"
The Twilight Saga: Breaking Dawn - Part 1 (Extended Edition),Average Rating: 5.5/10,2007,Action & Adventure,"[""Johnny Depp"", ""Orlando Bloom"", ""Keira Knightley"", ""Stellan Skarsgård"", ""Bill Nighy"", ""周潤發"", ""Geoffrey Rush"", ""Jack Davenport"", ""Jonathan Pryce""]","[""Jerry Bruckheimer""]","[""Gore Verbinski""]"
Pirates of the Caribbean: Dead Man's Chest,Average Rating: 4.3/10,2011,Romance,"[""Kristen Stewart"", ""Robert Pattinson"", ""Taylor Lautner""]","[""Wyck Godfrey""]","[""Bill Condon""]"
The Hobbit: The Battle of The Five Armies,Average Rating: 6.0/10,2006,Action & Adventure,"[""Johnny Depp"", ""Orlando Bloom"", ""Keira Knightley"", ""Stellan Skarsgård"", ""Bill Nighy"", ""Jack Davenport"", ""Kevin McNally"", ""Jonathan Pryce""]","[""Jerry Bruckheimer""]","[""Gore Verbinski""]"
Harry Potter and the Sorcerer's Stone,Average Rating: 6.3/10,2014,Action & Adventure,"[""Ian McKellen"", ""Martin Freeman"", ""Richard Armitage"", ""Evangeline Lilly"", ""Lee Pace"", ""Luke Evans"", ""Benedict Cumberbatch"", ""Stephen Fry"", ""Cate Blanchett"", ""Ian Holm"", ""Christopher Lee""]","[""Peter Jackson"", ""Fran Walsh"", ""Carolynne Cunningham"", ""Zane Weiner""]","[""Peter Jackson""]"
Big Hero 6,Average Rating: 7.1/10,2001,Kids & Family,"[""Daniel Radcliffe"", ""Rupert Grint"", ""Emma Watson"", ""John Cleese"", ""Robbie Coltrane"", ""Warwick Davis"", ""Richard Griffiths"", ""Richard Harris"", ""Ian Hart"", ""John Hurt"", ""Alan Rickman"", ""Fiona Shaw"", """", """"]","[""David Heyman""]","[""Chris Columbus""]"
King Arthur: Legend of the Sword,Average Rating: 7.3/10,2014,Kids & Family,"[""Scott Adsit"", ""Ryan Potter"", ""Daniel Henney"", ""T.J. Miller"", ""Jamie Chung"", ""Damon Wayans Jr."", ""Génesis Rodríguez"", ""James Cromwell"", ""Alan Tudyk"", ""Maya Rudolph"", ""Abraham Benrubi"", ""Katie Lowes"", """", """", """", """", """"]","[""Roy Conli""]","[""Don Hall"", ""Chris Williams""]"
Transformers: Revenge of the Fallen,Average Rating: 4.6/10,2017,Action & Adventure,"[""Charlie Hunnam"", ""Astrid Berges-Frisbey"", ""Djimon Hounsou"", ""Aidan Gillen"", ""Jude Law"", ""Eric Bana"", ""Annabelle Wallis""]","[""Akiva Goldsman"", ""Guy Ritchie"", ""Joby Harold"", ""Lionel Wigram"", ""Tory Tunnell"", ""Steve Clark-Hall""]","[""Guy Ritchie""]"
Snowpiercer,Average Rating: 3.9/10,2009,Action & Adventure,"[""Shia LaBeouf"", ""Megan Fox"", ""Josh Duhamel"", ""Tyrese Gibson"", ""John Turturro"", ""Peter Cullen"", ""Kevin Dunn"", ""Julie White"", ""Ramon Rodriguez"", ""Isabel Lucas"", ""John Benjamin Hickey"", """", """", """", """"]","[""Michael Bay"", ""Ian Bryce"", ""Allegra Clegg"", ""Tom DeSanto"", ""Lorenzo di Bonaventura"", ""Brian Goldner"", ""Steven Spielberg"", ""Mark Vahradian"", ""Don Murphy""]","[""Michael Bay""]"
Ender's Game,Average Rating: 8.1/10,2014,Action & Adventure,"[""Chris Evans"", ""Tilda Swinton"", ""Jamie Bell"", ""Octavia Spencer"", ""John Hurt"", ""Ed Harris"", ""Alison Pill"", ""Song Kang Ho"", ""Ko A-Sung""]","[""Park Chan-Wook"", ""Steven Nam"", ""Tae-hun Lee"", ""Jeong Tae-sung""]","[""Bong Joon-ho""]"
Indiana Jones and the Last Crusade,Average Rating: 6.0/10,2013,Sci-Fi & Fantasy,"[""Harrison Ford"", ""Asa Butterfield"", ""Hailee Steinfeld"", ""Viola Davis"", ""Abigail Breslin"", ""Sir Ben Kingsley""]","[""Roberto Orci"", ""Alex Kurtzman"", ""Gigi Pritzker"", ""Linda McDonough"", ""Robert Chartoff"", ""Lynn Hendee""]","[""Gavin Hood""]"
Jurassic Park III,Average Rating: 7.9/10,1989,Action & Adventure,"[""Harrison Ford"", ""Sean Connery"", ""Denholm Elliott"", ""Alison Doody"", ""John Rhys-Davies"", ""River Phoenix"", ""Julian Glover"", ""Michael Byrne"", ""Kevork Malikyan"", ""Robert Eddison""]","[""Robert Watts"", ""George Lucas"", ""Frank Marshall""]","[""Steven Spielberg""]"
Live Free or Die Hard,Average Rating: 5.2/10,2001,Action & Adventure,"[""Sam Neill"", ""William H. Macy"", ""Téa Leoni"", ""Alessandro Nivola"", ""Trevor Morgan"", ""Michael Jeter"", ""John Diehl"", ""Bruce A. Young"", ""Laura Dern""]","[""Kathleen Kennedy"", ""Larry J. Franco"", ""Steven Spielberg""]","[""Joe Johnston""]"
The Lost City of Z,Average Rating: 6.8/10,2007,Action & Adventure,"[""Bruce Willis"", ""Justin Long"", ""Timothy Olyphant"", ""Cliff Curtis""]","[""John McTiernan"", ""Michael Fottrell"", ""Bruce Willis""]","[""Len Wiseman""]"
Night At the Museum,Average Rating: 7.4/10,2017,Action & Adventure,"[""Charlie Hunnam"", ""Robert Pattinson"", ""Sienna Miller"", ""Tom Holland"", ""Angus Macfadyen"", ""Ian McDiarmid"", ""Franco Nero""]","[""Dede Gardner"", ""Jeremy Kleiner"", ""Anthony Katagas"", ""James Gray"", ""Dale Armin Johnson""]","[""James Gray""]"
Percy Jackson: Sea of Monsters,Average Rating: 5.3/10,2006,Kids & Family,"[""Ben Stiller"", ""Carla Gugino"", ""Dick Van Dyke"", ""Mickey Rooney"", ""Bill Cobbs"", ""Robin Williams""]","[""Chris Columbus"", ""Michael Barnathan"", ""Shawn Levy""]","[""Shawn Levy""]"
Night At the Museum: Battle of the Smithsonian,Average Rating: 5.2/10,2013,Kids & Family,"[""Logan Lerman"", ""Brandon T. Jackson"", ""Alexandra Daddario"", ""Jake Abel"", ""Stanley Tucci""]",[],"[""Thor Freudenthal""]"
Fantastic Beasts and Where to Find Them,Average Rating: 5.1/10,2009,Kids & Family,"[""Ben Stiller"", ""Amy Adams"", ""Owen Wilson"", ""Hank Azaria"", ""Christopher Guest"", ""Alain Chabat"", ""Robin Williams""]",[],"[""Shawn Levy""]"
13 Hours: The Secret Soldiers of Benghazi,Average Rating: 6.8/10,2017,Action & Adventure,"[""Eddie Redmayne"", ""Katherine Waterston"", ""Dan Fogler"", ""Alison Sudol"", ""Ezra Miller"", ""Samantha Morton"", ""Jon Voight"", ""Carmen Ejogo"", ""Colin Farrell""]","[""David Heyman"", ""J.K. Rowling"", ""Steve Kloves"", ""Lionel Wigram""]","[""David Yates""]"
Taken 2,Average Rating: 5.5/10,2016,Action & Adventure,"[""James Badge Dale"", ""John Krasinski"", ""Max Martini""]","[""Erwin Stoff"", ""Michael Bay"", ""Scott Gardenhour"", ""Richard Abate"", ""Matthew Cohan""]","[""Michael Bay""]"
Godzilla (2014),Average Rating: 4.2/10,2012,Action & Adventure,"[""Liam Neeson"", ""Maggie Grace"", ""Famke Janssen"", ""Rade Sherbedgia""]",[],"[""Oliver Megaton""]"
Jurassic Park,Average Rating: 6.6/10,2014,Action & Adventure,"[""Aaron Taylor-Johnson"", ""Ken Watanabe"", ""Elizabeth Olsen"", ""Juliette Binoche"", ""Sally Hawkins"", ""David Strathairn"", ""Bryan Cranston""]","[""Thomas Tull"", ""Jon Jashni"", ""Mary Parent"", ""Brian Rogers""]","[""Gareth Edwards""]"
Kick-Ass,Average Rating: 8.3/10,1993,Action & Adventure,"[""Sam Neill"", ""Laura Dern"", ""Jeff Goldblum"", ""Richard Attenborough"", ""Bob Peck"", ""Martin Ferrero"", ""B.D. Wong"", ""Samuel L. Jackson"", ""Wayne Knight"", ""Joseph Mazzello"", ""Ariana Richards"", """"]","[""Kathleen Kennedy"", ""Gerald R. Molen""]","[""Steven Spielberg""]"
X2: X-Men United,Average Rating: 7.1/10,2010,Action & Adventure,"[""Aaron Johnson"", ""Christopher Mintz-Plasse"", ""Mark Strong"", ""Chloe Moretz"", ""Nicolas Cage""]","[""Matthew Vaughn"", ""Brad Pitt"", ""Kris Thykier""]","[""Matthew Vaughn""]"
Dredd,Average Rating: 7.5/10,2003,Action & Adventure,[],[],[]
X-Men: First Class,Average Rating: 6.5/10,2012,Sci-Fi & Fantasy,"[""Karl Urban"", ""Olivia Thirlby"", ""Wood Harris"", ""Lena Headey"", ""Warrick Grier"", ""Rakie Ayola"", ""Domhnall Gleeson"", ""Scott Sparrow""]","[""Andrew Macdonald"", ""Allon Reich"", ""Alex Garland""]","[""Pete Travis""]"
Taken,Average Rating: 7.4/10,2011,Action & Adventure,"[""James McAvoy"", ""Michael Fassbender"", ""Rose Byrne"", ""January Jones"", ""Oliver Platt"", ""Kevin Bacon"", ""Jennifer Lawrence""]",[],"[""Matthew Vaughn""]"
The Grey,Average Rating: 5.8/10,2009,Action & Adventure,"[""Liam Neeson"", ""Maggie Grace"", ""Leland Orser"", ""Jon Gries"", ""David Warshofsky"", ""Katie Cassidy"", ""Holly Valance"", ""Famke Janssen""]",[],"[""Pierre Morel""]"
Rush,Average Rating: 6.9/10,2012,Drama,"[""Liam Neeson"", ""Frank Grillo"", ""Dermot Mulroney"", ""Dallas Roberts"", ""Joe Anderson"", ""Nonso Anozie"", ""James Badge Dale""]","[""Jules Daly"", ""Ridley Scott"", ""Mickey Lidell""]","[""Joe Carnahan""]"
Batman v Superman: Dawn of Justice (Ultimate Edition),Average Rating: 7.5/10,2013,Action & Adventure,"[""Chris Hemsworth"", ""Daniel Brühl"", ""Olivia Wilde"", ""Alexandra Maria Lara"", ""Natalie Dormer""]","[""Andrew Eaton"", ""Eric Fellner"", ""Brian Oliver"", ""Peter Morgan"", ""Brian Grazer""]","[""Ron Howard""]"
The Book of Eli,Average Rating: 4.9/10,2016,Action & Adventure,"[""Ben Affleck"", ""Henry Cavill"", ""Amy Adams"", ""Jesse Eisenberg"", ""Diane Lane"", ""Laurence Fishburne"", ""Jeremy Irons"", ""Holly Hunter"", ""Gal Gadot""]","[""Charles Roven"", ""Deborah Snyder""]","[""Zack Snyder""]"
Batman v Superman: Dawn of Justice,Average Rating: 5.4/10,2010,Action & Adventure,"[""Denzel Washington"", ""Gary Oldman"", ""Mila Kunis"", ""Ray Stevenson"", ""Jennifer Beals"", ""Frances De La Tour"", ""Michael Gambon""]","[""Joel Silver"", ""Denzel Washington"", ""Broderick Johnson"", ""Andrew A. Kosove"", ""David Valdes""]","[""Albert Hughes"", ""Allen Hughes""]"
The Matrix,Average Rating: 4.9/10,2016,Action & Adventure,"[""Ben Affleck"", ""Henry Cavill"", ""Amy Adams"", ""Jesse Eisenberg"", ""Diane Lane"", ""Laurence Fishburne"", ""Jeremy Irons"", ""Holly Hunter"", ""Gal Gadot""]","[""Charles Roven"", ""Deborah Snyder""]","[""Zack Snyder""]"
Non-Stop,Average Rating: 7.6/10,1999,Sci-Fi & Fantasy,"[""Keanu Reeves"", ""Laurence Fishburne"", ""Carrie-Anne Moss"", ""Hugo Weaving"", ""Gloria Foster"", ""Joe Pantoliano""]","[""Joel Silver""]","[""Larry Wachowski"", ""Andy Wachowski""]"
The Man from U.N.C.L.E.,Average Rating: 5.8/10,2014,Action & Adventure,"[""Liam Neeson""]",[],"[""Jaume Collet-Serra""]"
Salt,Average Rating: 6.2/10,2015,Action & Adventure,"[""Henry Cavill"", ""Armie Hammer"", ""Alicia Vikander"", ""Elizabeth Debicki"", ""Jared Harris"", ""Hugh Grant""]","[""Guy Ritchie"", ""Lionel Wigram"", ""John Davis"", ""Steve Clark-Hall""]","[""Guy Ritchie""]"
Independence Day: Resurgence,Average Rating: 6.0/10,2010,Thriller,"[""Angelina Jolie"", ""Liev Schreiber"", ""Chiwetel Ejiofor"", ""Daniel Olbrychski"", ""Andre Braugher"", ""Gaius Charles"", ""Olek Krupa"", ""Corey Stoll""]","[""Lorenzo di Bonaventura"", ""Sunil Perkash""]","[""Phillip Noyce""]"
The Goonies,Average Rating: 4.3/10,2016,Action & Adventure,"[""Liam Hemsworth"", ""Jeff Goldblum"", ""Bill Pullman"", ""Maika Monroe"", ""Travis Trope"", ""William Fichtner"", ""Charlotte Gainsbourg"", ""Judd Hirsch""]",[],"[""Roland Emmerich""]"
Pirates of the Caribbean: The Curse of the Black Pearl,Average Rating: 6.1/10,1985,Action & Adventure,"[""Sean Astin"", ""Josh Brolin"", ""Jeff Cohen"", ""Corey Feldman"", ""Kerri Green"", ""Martha Plimpton"", ""Jonathan Ke Quan"", ""John Matuszak""]","[""Harvey Bernhard"", ""Richard Donner""]","[""Richard Donner""]"
Mission: Impossible,Average Rating: 7.1/10,2004,Action & Adventure,"[""Johnny Depp"", ""Geoffrey Rush"", ""Orlando Bloom"", ""Keira Knightley"", ""Jack Davenport""]","[""Jerry Bruckheimer""]","[""Gore Verbinski""]"
X-Men,Average Rating: 6.0/10,1998,Action & Adventure,"[""Tom Cruise"", ""Jon Voight"", ""Henry Czerny"", ""Ving Rhames"", ""Kristin Scott Thomas"", ""Jean Reno"", ""Vanessa Redgrave""]","[""Tom Cruise"", ""Paula Wagner""]","[""Brian De Palma""]"
Real Steel,Average Rating: 7.1/10,2000,Action & Adventure,[],[],[]
The Big Lebowski,Average Rating: 5.9/10,2011,Action & Adventure,"[""Hugh Jackman"", ""Dakota Goyo"", ""Evangeline Lilly"", ""Anthony Mackie"", ""Kevin Durand""]","[""Don Murphy"", ""Susan Montford""]","[""Shawn Levy""]"
Harry Potter and the Chamber of Secrets,Average Rating: 7.2/10,1998,Comedy,"[""Jeff Bridges"", ""John Goodman"", ""Julianne Moore"", ""Steve Buscemi"", ""David Huddleston"", ""John Turturro"", ""Philip Seymour Hoffman"", ""Sam Elliott"", ""Tara Reid""]","[""Ethan Coen""]","[""Joel Coen""]"
The Fast and the Furious: Tokyo Drift,Average Rating: 7.2/10,2002,Kids & Family,"[""Daniel Radcliffe"", ""Rupert Grint"", ""Emma Watson"", ""Kenneth Branagh"", ""John Cleese"", ""Robbie Coltrane"", ""Warwick Davis"", ""Richard Griffiths"", ""Richard Harris"", ""Jason Isaacs"", ""Alan Rickman"", ""Fiona Shaw"", """", """"]","[""David Heyman""]","[""Chris Columbus""]"
Transformers: Dark of the Moon,Average Rating: 4.8/10,2006,Action & Adventure,"[""Lucas Black"", ""Bow Wow"", ""Nathalie Kelley"", ""Brian Tee"", ""Kang Sung""]","[""Neal H. Moritz""]","[""Justin Lin""]"
Tron: Legacy,Average Rating: 4.9/10,2011,Action & Adventure,"[""Shia LaBeouf"", ""Hugo Weaving"", ""Josh Duhamel"", ""Rosie Huntington-Whiteley"", ""John Turturro""]","[""Ian Bryce"", ""Lorenzo di Bonaventura"", ""Tom DeSanto"", ""Don Murphy"", ""Steven Spielberg""]","[""Michael Bay""]"
The Incredible Hulk,Average Rating: 5.9/10,2011,Sci-Fi & Fantasy,"[""Jeff Bridges"", ""Garrett Hedlund"", ""Olivia Wilde"", ""Bruce Boxleitner"", ""Michael Sheen""]","[""Sean Bailey"", ""Steven Lisberger"", ""Jeffrey Silver""]","[""Joseph Kosinski""]"
Dawn of the Planet of the Apes,Average Rating: 6.2/10,2008,Action & Adventure,"[""Edward Norton"", ""Liv Tyler"", ""Tim Roth"", ""William Hurt"", ""Tim Blake Nelson""]","[""Kevin Feige"", ""Gale Anne Hurd"", ""Avi Arad""]","[""Louis Leterrier""]"
Lone Survivor,Average Rating: 7.9/10,2014,Action & Adventure,"[""Andy Serkis"", ""Jason Clarke"", ""Gary Oldman"", ""Keri Russell"", ""Toby Kebbell"", ""Kodi Smit-McPhee""]",[],"[""Matt Reeves""]"
National Treasure,Average Rating: 6.6/10,2013,Action & Adventure,"[""Mark Wahlberg"", ""Taylor Kitsch"", ""Emile Hirsch"", ""Ben Foster"", ""Eric Bana""]","[""Mark Wahlberg"", ""Peter Berg"", ""Sarah Aubrey"", ""Randall Emmett"", ""Norton Herrick"", ""Barry Spikings"", ""Akiva Goldsman"", ""Stephen Levinson"", ""Vitaly Grigoriants""]","[""Peter Berg""]"
GoodFellas,Average Rating: 5.3/10,2004,Action & Adventure,"[""Nicolas Cage"", ""Diane Kruger"", ""Justin Bartha"", ""Sean Bean"", ""Jon Voight"", ""Harvey Keitel"", ""Christopher Plummer""]","[""Jerry Bruckheimer""]","[""Jon Turteltaub""]"
Shrek 2,Average Rating: 9.0/10,1990,Drama,"[""Robert De Niro"", ""Ray Liotta"", ""Joe Pesci"", ""Lorraine Bracco"", ""Paul Sorvino""]","[""Barbara de Fina"", ""Irwin Winkler""]","[""Martin Scorsese""]"
Warrior,Average Rating: 7.7/10,2004,Kids & Family,"[""Eddie Murphy"", ""Cameron Diaz"", ""Julie Andrews"", ""Mike Myers"", ""Antonio Banderas""]","[""John H. Williams"", ""Jeffery Katzenberg"", ""David Lipman""]","[""Kelly Asbury"", ""Conrad Vernon"", ""Andrew Adamson""]"
Wanted,Average Rating: 7.3/10,2011,Drama,"[""Tom Hardy"", ""Joel Edgerton"", ""Jennifer Morrison"", ""Nick Nolte""]","[""Greg O'Connor""]","[""Anthony Tambakis"", ""Cliff Dorfman"", ""Gavin O'Connor""]"
Star Trek,Average Rating: 6.6/10,2008,Action & Adventure,"[""James McAvoy"", ""Morgan Freeman"", ""Angelina Jolie"", ""Common"", ""Thomas Kretschmann"", ""Terence Stamp""]","[""Jim Lemley"", ""Jason Netter"", ""Marc Platt"", ""Iain Smith""]","[""Timur Bekmambetov""]"
Mission: Impossible II,Average Rating: 8.1/10,2009,Sci-Fi & Fantasy,"[""Chris Pine"", ""Zachary Quinto"", ""Simon Pegg"", ""Karl Urban"", ""Zoe Saldana"", ""Eric Bana"", ""John Cho"", ""Anton Yelchin"", ""Winona Ryder"", ""Chris Hemsworth""]","[""J.J. Abrams"", ""Alex Kurtzman"", ""Roberto Orci"", ""Bryan Burk"", ""Stratton Leopold"", ""Damon Lindelof""]","[""J.J. Abrams""]"
The Expendables 2,Average Rating: 5.9/10,2000,Action & Adventure,"[""Tom Cruise"", ""Dougray Scott"", ""Thandie Newton"", ""Ving Rhames"", ""Richard Roxburgh"", ""John Polson"", ""Brendan Gleeson"", ""Rade Serbedzija"", ""William Mapother"", ""Dominic Purcell""]","[""Tom Cruise"", ""Paula Wagner""]","[""John Woo""]"
Oblivion,Average Rating: 5.8/10,2012,Action & Adventure,"[""Sylvester Stallone"", ""Jason Statham"", ""Jet Li"", ""Dolph Lundgren"", ""Chuck Norris"", ""Terry Crews"", ""Randy Couture"", ""Liam Hemsworth"", ""Scott Adkins"", ""余男"", ""Jean-Claude Van Damme"", """", """"]","[""Avi Lerner"", ""Kevin King-Templeton""]","[""Simon West""]"
Captain America: The Winter Soldier,Average Rating: 5.9/10,2013,Action & Adventure,"[""Tom Cruise"", ""Morgan Freeman"", ""Olga Kurylenko"", ""Andrea Riseborough"", ""Nikolaj Coster-Waldau"", ""Melissa Leo""]","[""Joseph Kosinski"", ""Peter Chernin"", ""Dylan Clark"", ""Barry Levine"", ""Duncan Henderson""]","[""Joseph Kosinski""]"
Hanna,Average Rating: 7.6/10,2014,Action & Adventure,"[""Chris Evans"", ""Samuel L. Jackson"", ""Scarlett Johansson"", ""Robert Redford"", ""Sebastian Stan"", ""Anthony Mackie"", ""Cobie Smulders"", ""Frank Grillo"", ""Maximiliano Hernandez"", ""Emily VanCamp"", ""Hayley Atwell"", """"]","[""Kevin Feige""]","[""Anthony Russo"", ""Joe Russo""]"
Green Zone,Average Rating: 6.9/10,2011,Thriller,"[""Saoirse Ronan"", ""Eric Bana"", ""Cate Blanchett"", ""Tom Hollander"", ""Olivia Williams"", ""Jason Flemyng"", ""Jessica Barden""]","[""Leslie Holleran"", ""Marty Adelstein"", ""Scott Nemes""]","[""Joe Wright""]"
Night At the Museum: Secret of the Tomb,Average Rating: 6.0/10,2010,Thriller,"[""Matt Damon"", ""Brendan Gleeson"", ""Amy Ryan"", ""Khalid Abdalla"", ""Jason Isaacs""]","[""Tim Bevan"", ""Eric Fellner"", ""Lloyd Levin"", ""Paul Greengrass""]","[""Paul Greengrass""]"
Oz the Great and Powerful,Average Rating: 5.0/10,2014,Kids & Family,"[""Ben Stiller"", ""Robin Williams"", ""Owen Wilson"", ""Dan Stevens"", ""Sir Ben Kingsley"", ""Rebel Wilson"", ""Steve Coogan"", ""Ricky Gervais""]",[],"[""Shawn Levy""]"
Minions,Average Rating: 6.0/10,2013,Action & Adventure,"[""James Franco"", ""Mila Kunis"", ""Rachel Weisz"", ""Michelle Williams"", ""Zach Braff""]","[""Joe Roth""]","[""Sam Raimi""]"
Kung Fu Panda,Average Rating: 5.8/10,2015,Kids & Family,"[""Sandra Bullock"", ""Jon Hamm"", ""Michael Keaton"", ""Allison Janney"", ""Steve Coogan"", ""Jennifer Saunders"", ""Geoffrey Rush""]","[""Chris Meledandri"", ""Janet Healy""]","[""Pierre Coffin"", ""Kyle Balda""]"
GoldenEye,Average Rating: 7.2/10,2008,Kids & Family,"[""Jack Black"", ""Jackie Chan"", ""Dustin Hoffman"", ""Lucy Liu"", ""Ian McShane"", ""Angelina Jolie""]","[""Jonathan Aibel"", ""Melissa Cobb"", ""Glenn Berger""]","[""Mark Osborne"", ""John Stevenson""]"
Dr. No,Average Rating: 7.0/10,1995,Action & Adventure,"[""Pierce Brosnan"", ""Sean Bean"", ""Izabella Scorupco"", ""Famke Janssen"", ""Judi Dench"", ""Desmond Llewelyn"", ""Samantha Bond"", ""Robbie Coltrane"", ""Alan Cumming""]","[""Barbara Broccoli"", ""Michael G. Wilson""]","[""Martin Campbell""]"
The Hobbit: An Unexpected Journey (Extended Edition),Average Rating: 7.8/10,1963,Action & Adventure,"[""Sean Connery"", ""Ursula Andress"", ""Joseph Wiseman"", ""Jack Lord"", ""Bernard Lee"", ""Lois Maxwell""]","[""Albert R. Broccoli"", ""Harry Saltzman""]","[""Terence Young""]"
Fury,Average Rating: 6.5/10,2012,Action & Adventure,"[""Ian McKellen"", ""Martin Freeman"", ""Richard Armitage"", ""James Nesbitt"", ""Ken Stott"", ""Sylvester McCoy"", ""Barry Humphries"", ""Cate Blanchett"", ""Ian Holm"", ""Christopher Lee"", ""Hugo Weaving"", ""Elijah Wood"", """", """", """", """", """", """", """", """", """", """", """"]","[""Peter Jackson"", ""Fran Walsh"", ""Carolynne Cunningham"", ""Zane Weiner""]","[""Peter Jackson""]"
The Heat (Unrated),Average Rating: 6.9/10,2014,Action & Adventure,"[""Brad Pitt"", ""Shia LaBeouf"", ""Logan Lerman"", ""Michael Peña"", ""Jon Bernthal"", ""Jason Isaacs"", ""Brad William Henke"", ""Jim Parrack"", ""Xavier Samuel"", ""Scott Eastwood"", ""Kevin Vance""]","[""Bill Block"", ""John Lesher"", ""Ethan Smith""]","[""David Ayer""]"
Ice Age: Dawn of the Dinosaurs,Average Rating: 6.2/10,2013,Comedy,"[""Sandra Bullock"", ""Melissa McCarthy"", ""Demián Bichir"", ""Marlon Wayans"", ""Michael Rapaport""]",[],"[""Paul Feig""]"
Men In Black 3,Average Rating: 5.4/10,2009,Kids & Family,"[""Ray Romano"", ""John Leguizamo"", ""Denis Leary"", ""Queen Latifah""]",[],"[""Carlos Saldanha""]"
From Russia With Love,Average Rating: 6.1/10,2012,Action & Adventure,"[""Will Smith"", ""Tommy Lee Jones"", ""Josh Brolin"", ""Jemaine Clement"", ""Michael Stuhlbarg"", ""Alice Eve"", ""Bill Hader"", ""David Rasche"", ""Emma Thompson"", ""Mike Colter"", ""Lenny Venito""]","[""Walter F. Parkes"", ""Laurie MacDonald""]","[""Barry Sonnenfeld""]"
300: Rise of An Empire,Average Rating: 8.0/10,1963,Action & Adventure,"[""Sean Connery"", ""Daniela Bianchi"", ""Pedro Armendáriz"", ""Lotte Lenya"", ""Robert Shaw"", ""Bernard Lee"", ""Lois Maxwell""]","[""Albert R. Broccoli"", ""Harry Saltzman""]","[""Terence Young""]"
Ice Age: Continental Drift,Average Rating: 4.9/10,2014,Action & Adventure,"[""Sullivan Stapleton"", ""Eva Green"", ""Lena Headey"", ""Hans Matheson"", ""Rodrigo Santoro""]","[""Gianni Nunnari"", ""Mark Canton"", ""Zack Snyder"", ""Deborah Snyder"", ""Bernie Goldmann""]","[""Noam Murro""]"
National Treasure 2: Book of Secrets,Average Rating: 5.1/10,2012,Kids & Family,"[""Ray Romano"", ""John Leguizamo"", ""Denis Leary"", ""Seann William Scott"", ""Josh Peck"", ""Aziz Ansari"", ""Jennifer Lopez"", ""Queen Latifah""]",[],"[""Steve Martino"", ""Mike Thurmeier""]"
The Fast and the Furious,Average Rating: 4.8/10,2007,Action & Adventure,"[""Nicolas Cage"", ""Jon Voight"", ""Harvey Keitel"", ""Ed Harris"", ""Diane Kruger"", ""Justin Bartha"", ""Bruce Greenwood""]","[""Missy Papageorge"", ""Jerry Bruckheimer"", ""Jon Turteltaub""]","[""Jon Turteltaub""]"
The Infiltrator,Average Rating: 5.4/10,2001,Action & Adventure,"[""Vin Diesel"", ""Paul Walker"", ""Michelle Rodriguez"", ""Jordana Brewster""]","[""Neal H. Moritz""]","[""Rob Cohen""]"
Unstoppable (2010),Average Rating: 6.4/10,2015,Action & Adventure,"[""Bryan Cranston"", ""Diane Kruger"", ""John Leguizamo"", ""Benjamin Bratt"", ""Yul Vazquez"", ""Amy Ryan"", ""Olympia Dukakis"", ""Joseph Gilgun""]","[""Brad Furman"", ""Don Sikorski"", ""Paul Brennan"", ""Miriam Segal""]","[""Brad Furman""]"
G.I. Joe: Retaliation,Average Rating: 6.9/10,2010,Action & Adventure,"[""Denzel Washington"", ""Chris Pine"", ""Rosario Dawson""]",[],"[""Tony Scott""]"
God Loves Uganda,Average Rating: 4.5/10,2013,Action & Adventure,"[""Dwayne Johnson"", ""Bruce Willis"", ""D.J. Cotrona"", ""Byung-Hun Lee"", ""Adrianne Palicki"", ""Ray Park"", ""Jonathan Pryce"", ""Ray Stevenson"", ""Channing Tatum""]","[""Lorenzo di Bonaventura"", ""Brian Goldner""]","[""Jon M. Chu""]"
Winnie Mandela,Average Rating: 7.6/10,2013,Documentary,"[""Lou Engle"", ""Joanna Watson"", ""Rev. Kapya Kaoma"", ""Bishop Christopher Senyonjo"", ""Pastor Scott Lively"", ""Jono Hall""]","[""Roger Ross Williams"", ""Julie Goldman""]","[""Roger Ross Williams""]"
Rising from Ashes,Average Rating: 4.3/10,2013,Drama,"[""Jennifer Hudson"", ""Terrence Howard"", ""Elias Koteas"", ""Wendy Crewson""]","[""Michael Mosca"", ""Rocky Bester"", ""T.D. Jakes"", ""Johan Krüger"", ""Andre Pieterse"", ""Philo Pieterse"", ""Franca Visconti"", ""Ellen S. Wander"", ""Andre Weavind""]","[""Darrell Roodt""]"
On the Way to School,Average Rating: 6.1/10,2012,Documentary,"[""Forest Whitaker"", ""Adrien Niyonshuti"", ""Jean De Dieu \""Rafiki\"" Uwimana"", ""Nathan Byukusenge"", ""Abraham Ruhumuriza"", ""Jonathan \""Jock\"" Boyer"", ""Tom Ritchey""]","[""Greg Kwedar""]","[""T.C. Johnstone""]"
Mandela: Long Walk to Freedom,Average Rating: 6.9/10,2015,Foreign,"[""Jackson Saikong"", ""Salome Saikong"", ""Samuel J. Esther"", ""Gabriel J. Esther"", ""Emmanuel J. Esther""]",[],"[""Pascal Plisson""]"
My Last Day Without You,Average Rating: 6.2/10,2013,Drama,"[""Idris Elba"", ""Naomie Harris""]","[""Vlokkie Gordon"", ""Richard Green"", ""Francois Ivernel"", ""Cameron McCracken"", ""Anant Singh"", ""David M. Thompson""]","[""Justin Chadwick""]"
